-- phpMyAdmin SQL Dump
-- version 5.2.1
-- https://www.phpmyadmin.net/
--
-- Host: 127.0.0.1
-- Generation Time: May 22, 2025 at 05:24 AM
-- Server version: 10.4.32-MariaDB
-- PHP Version: 8.2.12

SET SQL_MODE = "NO_AUTO_VALUE_ON_ZERO";
START TRANSACTION;
SET time_zone = "+00:00";


/*!40101 SET @OLD_CHARACTER_SET_CLIENT=@@CHARACTER_SET_CLIENT */;
/*!40101 SET @OLD_CHARACTER_SET_RESULTS=@@CHARACTER_SET_RESULTS */;
/*!40101 SET @OLD_COLLATION_CONNECTION=@@COLLATION_CONNECTION */;
/*!40101 SET NAMES utf8mb4 */;

--
-- Database: `2dpos`
--

-- --------------------------------------------------------

--
-- Table structure for table `close_numbers`
--

CREATE TABLE `close_numbers` (
  `id` bigint(20) UNSIGNED NOT NULL,
  `manager_id` varchar(255) DEFAULT NULL,
  `date` varchar(255) DEFAULT NULL,
  `section` varchar(255) DEFAULT NULL,
  `number` varchar(255) NOT NULL,
  `created_at` timestamp NULL DEFAULT NULL,
  `updated_at` timestamp NULL DEFAULT NULL
) ENGINE=InnoDB DEFAULT CHARSET=utf8mb4 COLLATE=utf8mb4_unicode_ci;

--
-- Dumping data for table `close_numbers`
--

INSERT INTO `close_numbers` (`id`, `manager_id`, `date`, `section`, `number`, `created_at`, `updated_at`) VALUES
(17, '17', '2025-05-07', 'pm', '12,34,56,78,90,99', '2025-05-07 03:50:13', '2025-05-07 03:50:13'),
(22, '17', '2025-05-09', 'pm', '23,45,67,8', '2025-05-09 07:09:22', '2025-05-09 07:09:22');

-- --------------------------------------------------------

--
-- Table structure for table `dine_head_limits`
--

CREATE TABLE `dine_head_limits` (
  `id` bigint(20) UNSIGNED NOT NULL,
  `manager_id` varchar(255) DEFAULT NULL,
  `date` varchar(255) DEFAULT NULL,
  `section` varchar(255) DEFAULT NULL,
  `amount` varchar(255) NOT NULL,
  `created_at` timestamp NULL DEFAULT NULL,
  `updated_at` timestamp NULL DEFAULT NULL
) ENGINE=InnoDB DEFAULT CHARSET=utf8mb4 COLLATE=utf8mb4_unicode_ci;

--
-- Dumping data for table `dine_head_limits`
--

INSERT INTO `dine_head_limits` (`id`, `manager_id`, `date`, `section`, `amount`, `created_at`, `updated_at`) VALUES
(1, '17', '2025-05-08', 'am', '1000', '2025-05-07 20:50:05', '2025-05-08 03:07:32'),
(2, '17', '2025-05-09', 'pm', '1000', '2025-05-09 07:09:07', '2025-05-09 07:09:07'),
(3, '17', '2025-05-14', 'am', '300', '2025-05-14 00:58:19', '2025-05-14 01:09:24');

-- --------------------------------------------------------

--
-- Table structure for table `failed_jobs`
--

CREATE TABLE `failed_jobs` (
  `id` bigint(20) UNSIGNED NOT NULL,
  `uuid` varchar(255) NOT NULL,
  `connection` text NOT NULL,
  `queue` text NOT NULL,
  `payload` longtext NOT NULL,
  `exception` longtext NOT NULL,
  `failed_at` timestamp NOT NULL DEFAULT current_timestamp()
) ENGINE=InnoDB DEFAULT CHARSET=utf8mb4 COLLATE=utf8mb4_unicode_ci;

-- --------------------------------------------------------

--
-- Table structure for table `migrations`
--

CREATE TABLE `migrations` (
  `id` int(10) UNSIGNED NOT NULL,
  `migration` varchar(255) NOT NULL,
  `batch` int(11) NOT NULL
) ENGINE=InnoDB DEFAULT CHARSET=utf8mb4 COLLATE=utf8mb4_unicode_ci;

--
-- Dumping data for table `migrations`
--

INSERT INTO `migrations` (`id`, `migration`, `batch`) VALUES
(9, '2014_10_12_000000_create_users_table', 1),
(10, '2014_10_12_100000_create_password_reset_tokens_table', 1),
(11, '2014_10_12_200000_add_two_factor_columns_to_users_table', 1),
(12, '2019_08_19_000000_create_failed_jobs_table', 1),
(13, '2019_12_14_000001_create_personal_access_tokens_table', 1),
(14, '2025_02_20_044950_create_sessions_table', 1),
(15, '2025_02_20_045100_create_permission_tables', 1),
(16, '2025_02_20_070845_create_categories_table', 1),
(17, '2025_02_21_040526_create_cities_table', 2),
(18, '2025_02_21_051241_create_a_d_s_table', 3),
(19, '2025_02_22_021039_create_contributors_table', 4),
(21, '2025_02_22_023355_create_shops_table', 5),
(22, '2025_02_22_032132_create_social_accounts_table', 6),
(23, '2025_02_22_034459_create_products_table', 7),
(24, '2025_02_22_050330_create_shop_galleries_table', 8),
(25, '2025_02_25_070951_create_f_a_q_s_table', 9),
(28, '2025_02_25_080552_create_traffic_table', 10),
(30, '2025_02_25_100504_create_contacts_table', 11),
(31, '2025_04_26_041249_add_columns_to_users_table', 12),
(32, '2025_04_26_141551_create_settings_table', 13),
(35, '2025_04_28_055643_create_orders_table', 14),
(36, '2025_04_28_074424_create_order_details_table', 14),
(37, '2025_04_29_042751_create_close_numbers_table', 15),
(38, '2025_05_08_030114_create_dine_head_limits_table', 16),
(39, '2025_05_08_052741_create_re_dines_table', 17),
(40, '2025_05_09_145543_create_customers_table', 18),
(41, '2025_05_15_023803_create_win_numbers_table', 19);

-- --------------------------------------------------------

--
-- Table structure for table `model_has_permissions`
--

CREATE TABLE `model_has_permissions` (
  `permission_id` bigint(20) UNSIGNED NOT NULL,
  `model_type` varchar(255) NOT NULL,
  `model_id` bigint(20) UNSIGNED NOT NULL
) ENGINE=InnoDB DEFAULT CHARSET=utf8mb4 COLLATE=utf8mb4_unicode_ci;

-- --------------------------------------------------------

--
-- Table structure for table `model_has_roles`
--

CREATE TABLE `model_has_roles` (
  `role_id` bigint(20) UNSIGNED NOT NULL,
  `model_type` varchar(255) NOT NULL,
  `model_id` bigint(20) UNSIGNED NOT NULL
) ENGINE=InnoDB DEFAULT CHARSET=utf8mb4 COLLATE=utf8mb4_unicode_ci;

--
-- Dumping data for table `model_has_roles`
--

INSERT INTO `model_has_roles` (`role_id`, `model_type`, `model_id`) VALUES
(1, 'App\\Models\\User', 1),
(2, 'App\\Models\\User', 17),
(3, 'App\\Models\\User', 3),
(3, 'App\\Models\\User', 13),
(3, 'App\\Models\\User', 14),
(3, 'App\\Models\\User', 16),
(3, 'App\\Models\\User', 19),
(3, 'App\\Models\\User', 20),
(3, 'App\\Models\\User', 21);

-- --------------------------------------------------------

--
-- Table structure for table `orders`
--

CREATE TABLE `orders` (
  `id` bigint(20) UNSIGNED NOT NULL,
  `order_number` varchar(255) NOT NULL,
  `user_id` varchar(255) DEFAULT NULL,
  `manager_id` varchar(255) DEFAULT NULL,
  `dine_id` int(11) DEFAULT NULL,
  `commission` int(11) DEFAULT NULL,
  `rate` int(11) DEFAULT NULL,
  `order_type` varchar(255) NOT NULL,
  `price` varchar(255) NOT NULL,
  `status` varchar(255) NOT NULL DEFAULT 'pending',
  `user_order_status` varchar(255) NOT NULL DEFAULT 'pending',
  `date` varchar(255) DEFAULT NULL,
  `section` varchar(255) DEFAULT NULL,
  `created_by` int(11) DEFAULT NULL,
  `buy_sell_type` varchar(255) DEFAULT NULL,
  `created_at` timestamp NULL DEFAULT NULL,
  `updated_at` timestamp NULL DEFAULT NULL
) ENGINE=InnoDB DEFAULT CHARSET=utf8mb4 COLLATE=utf8mb4_unicode_ci;

--
-- Dumping data for table `orders`
--

INSERT INTO `orders` (`id`, `order_number`, `user_id`, `manager_id`, `dine_id`, `commission`, `rate`, `order_type`, `price`, `status`, `user_order_status`, `date`, `section`, `created_by`, `buy_sell_type`, `created_at`, `updated_at`) VALUES
(54, 'ORD-681C7B63658FB', '19', '17', NULL, 0, 80, 'W 5000', '50000', '1', '1', '2025-05-08', 'am', 17, 'sell', '2025-05-08 03:07:39', '2025-05-08 03:07:43'),
(55, 'ORD-681C7B77AC0E1', '1', '17', 1, 20, 80, '05-16-27-38-49-50-61-72-83-94_100%', '40000', '1', '1', '2025-05-08', 'am', 17, 'buy', '2025-05-08 03:07:59', '2025-05-08 03:08:03'),
(57, 'ORD-681E054406A54', '19', '17', NULL, 0, 80, '13-24-56-78_5000', '20000', '1', '1', '2025-05-09', 'pm', 17, 'sell', '2025-05-09 07:08:12', '2025-05-09 07:08:57'),
(58, 'ORD-681E0559AAFB4', '19', '17', NULL, 0, 80, 'N 600', '6000', '1', '1', '2025-05-09', 'pm', 17, 'sell', '2025-05-09 07:08:33', '2025-05-09 07:08:57'),
(59, 'ORD-681E0565C8568', '19', '17', NULL, 0, 80, '12-34-56-78-90-09-87-65_5000', '40000', '1', '1', '2025-05-09', 'pm', 17, 'sell', '2025-05-09 07:08:45', '2025-05-09 07:08:57'),
(60, 'ORD-681E05FC5F842', '19', '17', NULL, NULL, NULL, 'S', '25000', '1', '1', '2025-05-10', 'AM', NULL, NULL, '2025-05-09 07:11:16', '2025-05-09 07:11:35'),
(61, 'ORD-682445FAA7041', '19', '17', NULL, 0, 80, 'W 500', '5000', '1', '1', '2025-05-14', 'am', 17, 'sell', '2025-05-14 00:57:54', '2025-05-14 00:58:01'),
(62, 'ORD-6824461D4500C', '1', '17', 1, 20, 80, '05-16-27-38-49-50-61-72-83-94_100%', '2000', '1', '1', '2025-05-14', 'am', 17, 'buy', '2025-05-14 00:58:29', '2025-05-14 00:58:33'),
(66, 'ORD-68245E47F2B09', NULL, '17', 1, 20, 80, 'W 1500', '15000', '1', '1', '2025-05-14', 'am', 17, 'buy', '2025-05-14 02:41:35', '2025-05-14 02:41:41'),
(94, 'ORD-6825BB5369A5C', '19', '17', NULL, 0, 85, 'W 2000', '20000', '1', '1', '2025-05-15', 'am', 17, 'sell', '2025-05-15 03:30:51', '2025-05-15 03:31:29'),
(95, 'ORD-6825BB5BB0E62', '19', '17', NULL, 0, 85, 'N 1000', '10000', '1', '1', '2025-05-15', 'am', 17, 'sell', '2025-05-15 03:30:59', '2025-05-15 03:31:29'),
(96, 'ORD-6825BB63496D6', '20', '17', NULL, 5, 85, 'W 5000', '50000', '1', '1', '2025-05-15', 'am', 17, 'sell', '2025-05-15 03:31:07', '2025-05-15 03:31:29'),
(97, 'ORD-6825BB6BCCBA1', '21', '17', NULL, 0, 80, 'M 1000', '50000', '1', '1', '2025-05-15', 'am', 17, 'sell', '2025-05-15 03:31:15', '2025-05-15 03:31:29'),
(98, 'ORD-6825BB7369B09', '20', '17', NULL, 5, 85, '37 1000', '1000', '1', '1', '2025-05-15', 'am', 17, 'sell', '2025-05-15 03:31:23', '2025-05-15 03:31:29'),
(100, 'ORD-6825BB9D891E9', NULL, '17', 1, 20, 80, 'W 300', '3000', '1', '1', '2025-05-15', 'am', 17, 'buy', '2025-05-15 03:32:05', '2025-05-15 03:32:29'),
(101, 'ORD-6825BBA71063A', NULL, '17', 1, 20, 80, '21-34-55-65-85_1000', '5000', '1', '1', '2025-05-15', 'am', 17, 'buy', '2025-05-15 03:32:15', '2025-05-15 03:32:29'),
(102, 'ORD-6825BBB115EF5', NULL, '17', 1, 20, 80, '37 1000', '1000', '1', '1', '2025-05-15', 'am', 17, 'buy', '2025-05-15 03:32:25', '2025-05-15 03:32:29'),
(103, 'ORD-6825BE2BCF341', NULL, '17', 1, 20, 80, 'W 3000', '30000', '1', '1', '2025-05-15', 'am', 17, 'buy', '2025-05-15 03:42:59', '2025-05-15 03:43:05'),
(104, 'ORD-68270738E207E', '19', '17', NULL, 0, 85, 'W 1000', '10000', '1', '1', '2025-05-16', 'am', 17, 'sell', '2025-05-16 03:06:56', '2025-05-16 03:07:00'),
(105, 'ORD-682708C5D4D32', '19', '17', NULL, 0, 85, 'W 10000', '100000', '1', '1', '2025-05-16', 'am', 17, 'sell', '2025-05-16 03:13:33', '2025-05-16 03:13:37'),
(106, 'ORD-68270B139058E', '20', '17', NULL, 5, 85, 'M 1000', '50000', '1', '1', '2025-05-16', 'am', 17, 'sell', '2025-05-16 03:23:23', '2025-05-16 03:23:27'),
(111, 'ORD-682BF921852B2', '19', '17', NULL, 0, 85, 'A 500', '5000', '1', '1', '2025-05-20', 'pm', 19, 'sell', '2025-05-19 21:08:09', '2025-05-19 21:08:46'),
(112, 'ORD-682BFBE38BD5A', '19', '17', NULL, 0, 85, 'W 1000', '10000', '1', '1', '2025-05-20', 'pm', 19, 'sell', '2025-05-19 21:19:55', '2025-05-19 21:19:59'),
(114, 'ORD-682C3BDF8308D', '19', '17', NULL, 10, 85, 'X 1000', '20000', '1', '1', '2025-05-21', 'am', 19, 'sell', '2025-05-20 01:52:55', '2025-05-20 01:53:00');

-- --------------------------------------------------------

--
-- Table structure for table `order_details`
--

CREATE TABLE `order_details` (
  `id` bigint(20) UNSIGNED NOT NULL,
  `order_number` varchar(255) DEFAULT NULL,
  `order_id` varchar(255) DEFAULT NULL,
  `user_id` varchar(255) DEFAULT NULL,
  `manager_id` varchar(255) DEFAULT NULL,
  `dine_id` varchar(255) DEFAULT NULL,
  `commission` int(11) DEFAULT NULL,
  `rate` int(11) DEFAULT NULL,
  `number` varchar(255) DEFAULT NULL,
  `order_type` varchar(255) NOT NULL,
  `price` varchar(255) NOT NULL,
  `user_order_status` varchar(255) NOT NULL DEFAULT 'pending',
  `date` varchar(255) DEFAULT NULL,
  `section` varchar(225) DEFAULT NULL,
  `buy_sell_type` varchar(255) DEFAULT NULL,
  `win_lose` int(11) DEFAULT 0,
  `created_at` timestamp NULL DEFAULT NULL,
  `updated_at` timestamp NULL DEFAULT NULL
) ENGINE=InnoDB DEFAULT CHARSET=utf8mb4 COLLATE=utf8mb4_unicode_ci;

--
-- Dumping data for table `order_details`
--

INSERT INTO `order_details` (`id`, `order_number`, `order_id`, `user_id`, `manager_id`, `dine_id`, `commission`, `rate`, `number`, `order_type`, `price`, `user_order_status`, `date`, `section`, `buy_sell_type`, `win_lose`, `created_at`, `updated_at`) VALUES
(614, 'ORD-681C7B6367733', '54', '19', '17', NULL, 0, 80, '05', 'W 5000', '5000', '1', '2025-05-08', 'am', 'sell', 0, '2025-05-08 03:07:39', '2025-05-08 03:07:43'),
(615, 'ORD-681C7B63687FF', '54', '19', '17', NULL, 0, 80, '16', 'W 5000', '5000', '1', '2025-05-08', 'am', 'sell', 0, '2025-05-08 03:07:39', '2025-05-08 03:07:43'),
(616, 'ORD-681C7B636988C', '54', '19', '17', NULL, 0, 80, '27', 'W 5000', '5000', '1', '2025-05-08', 'am', 'sell', 0, '2025-05-08 03:07:39', '2025-05-08 03:07:43'),
(617, 'ORD-681C7B636B48D', '54', '19', '17', NULL, 0, 80, '38', 'W 5000', '5000', '1', '2025-05-08', 'am', 'sell', 0, '2025-05-08 03:07:39', '2025-05-08 03:07:43'),
(618, 'ORD-681C7B636CBA8', '54', '19', '17', NULL, 0, 80, '49', 'W 5000', '5000', '1', '2025-05-08', 'am', 'sell', 0, '2025-05-08 03:07:39', '2025-05-08 03:07:43'),
(619, 'ORD-681C7B636DE49', '54', '19', '17', NULL, 0, 80, '50', 'W 5000', '5000', '1', '2025-05-08', 'am', 'sell', 0, '2025-05-08 03:07:39', '2025-05-08 03:07:43'),
(620, 'ORD-681C7B636F1E8', '54', '19', '17', NULL, 0, 80, '61', 'W 5000', '5000', '1', '2025-05-08', 'am', 'sell', 0, '2025-05-08 03:07:39', '2025-05-08 03:07:43'),
(621, 'ORD-681C7B6370567', '54', '19', '17', NULL, 0, 80, '72', 'W 5000', '5000', '1', '2025-05-08', 'am', 'sell', 0, '2025-05-08 03:07:39', '2025-05-08 03:07:43'),
(622, 'ORD-681C7B6371404', '54', '19', '17', NULL, 0, 80, '83', 'W 5000', '5000', '1', '2025-05-08', 'am', 'sell', 0, '2025-05-08 03:07:39', '2025-05-08 03:07:43'),
(623, 'ORD-681C7B6372A47', '54', '19', '17', NULL, 0, 80, '94', 'W 5000', '5000', '1', '2025-05-08', 'am', 'sell', 0, '2025-05-08 03:07:39', '2025-05-08 03:07:43'),
(624, 'ORD-681C7B77ADD66', '55', '1', '17', '1', 20, 80, '05', 'rebuy_4000', '4000', '1', '2025-05-08', 'am', 'buy', 0, '2025-05-08 03:07:59', '2025-05-08 03:08:03'),
(625, 'ORD-681C7B77AFBCF', '55', '1', '17', '1', 20, 80, '16', 'rebuy_4000', '4000', '1', '2025-05-08', 'am', 'buy', 0, '2025-05-08 03:07:59', '2025-05-08 03:08:03'),
(626, 'ORD-681C7B77B0EFB', '55', '1', '17', '1', 20, 80, '27', 'rebuy_4000', '4000', '1', '2025-05-08', 'am', 'buy', 0, '2025-05-08 03:07:59', '2025-05-08 03:08:03'),
(627, 'ORD-681C7B77B2346', '55', '1', '17', '1', 20, 80, '38', 'rebuy_4000', '4000', '1', '2025-05-08', 'am', 'buy', 0, '2025-05-08 03:07:59', '2025-05-08 03:08:03'),
(628, 'ORD-681C7B77B3DAA', '55', '1', '17', '1', 20, 80, '49', 'rebuy_4000', '4000', '1', '2025-05-08', 'am', 'buy', 0, '2025-05-08 03:07:59', '2025-05-08 03:08:03'),
(629, 'ORD-681C7B77B576F', '55', '1', '17', '1', 20, 80, '50', 'rebuy_4000', '4000', '1', '2025-05-08', 'am', 'buy', 0, '2025-05-08 03:07:59', '2025-05-08 03:08:03'),
(630, 'ORD-681C7B77B6BB1', '55', '1', '17', '1', 20, 80, '61', 'rebuy_4000', '4000', '1', '2025-05-08', 'am', 'buy', 0, '2025-05-08 03:07:59', '2025-05-08 03:08:03'),
(631, 'ORD-681C7B77B81F1', '55', '1', '17', '1', 20, 80, '72', 'rebuy_4000', '4000', '1', '2025-05-08', 'am', 'buy', 0, '2025-05-08 03:07:59', '2025-05-08 03:08:03'),
(632, 'ORD-681C7B77B94E2', '55', '1', '17', '1', 20, 80, '83', 'rebuy_4000', '4000', '1', '2025-05-08', 'am', 'buy', 0, '2025-05-08 03:07:59', '2025-05-08 03:08:03'),
(633, 'ORD-681C7B77BAC9B', '55', '1', '17', '1', 20, 80, '94', 'rebuy_4000', '4000', '1', '2025-05-08', 'am', 'buy', 0, '2025-05-08 03:07:59', '2025-05-08 03:08:03'),
(644, 'ORD-681E054408356', '57', '19', '17', NULL, 0, 80, '13', '13-24-56-78_5000', '5000', '1', '2025-05-09', 'pm', 'sell', 0, '2025-05-09 07:08:12', '2025-05-09 07:08:57'),
(645, 'ORD-681E054409A6F', '57', '19', '17', NULL, 0, 80, '24', '13-24-56-78_5000', '5000', '1', '2025-05-09', 'pm', 'sell', 0, '2025-05-09 07:08:12', '2025-05-09 07:08:57'),
(646, 'ORD-681E05440AA71', '57', '19', '17', NULL, 0, 80, '56', '13-24-56-78_5000', '5000', '1', '2025-05-09', 'pm', 'sell', 0, '2025-05-09 07:08:12', '2025-05-09 07:08:57'),
(647, 'ORD-681E05440BC68', '57', '19', '17', NULL, 0, 80, '78', '13-24-56-78_5000', '5000', '1', '2025-05-09', 'pm', 'sell', 0, '2025-05-09 07:08:12', '2025-05-09 07:08:57'),
(648, 'ORD-681E0559AC555', '58', '19', '17', NULL, 0, 80, '07', 'N 600', '600', '1', '2025-05-09', 'pm', 'sell', 0, '2025-05-09 07:08:33', '2025-05-09 07:08:57'),
(649, 'ORD-681E0559AD227', '58', '19', '17', NULL, 0, 80, '18', 'N 600', '600', '1', '2025-05-09', 'pm', 'sell', 0, '2025-05-09 07:08:33', '2025-05-09 07:08:57'),
(650, 'ORD-681E0559AE162', '58', '19', '17', NULL, 0, 80, '24', 'N 600', '600', '1', '2025-05-09', 'pm', 'sell', 0, '2025-05-09 07:08:33', '2025-05-09 07:08:57'),
(651, 'ORD-681E0559AED02', '58', '19', '17', NULL, 0, 80, '35', 'N 600', '600', '1', '2025-05-09', 'pm', 'sell', 0, '2025-05-09 07:08:33', '2025-05-09 07:08:57'),
(652, 'ORD-681E0559AFC72', '58', '19', '17', NULL, 0, 80, '42', 'N 600', '600', '1', '2025-05-09', 'pm', 'sell', 0, '2025-05-09 07:08:33', '2025-05-09 07:08:57'),
(653, 'ORD-681E0559B0ACE', '58', '19', '17', NULL, 0, 80, '53', 'N 600', '600', '1', '2025-05-09', 'pm', 'sell', 0, '2025-05-09 07:08:33', '2025-05-09 07:08:57'),
(654, 'ORD-681E0559B1D73', '58', '19', '17', NULL, 0, 80, '69', 'N 600', '600', '1', '2025-05-09', 'pm', 'sell', 0, '2025-05-09 07:08:33', '2025-05-09 07:08:57'),
(655, 'ORD-681E0559B2ABD', '58', '19', '17', NULL, 0, 80, '70', 'N 600', '600', '1', '2025-05-09', 'pm', 'sell', 0, '2025-05-09 07:08:33', '2025-05-09 07:08:57'),
(656, 'ORD-681E0559B38FE', '58', '19', '17', NULL, 0, 80, '81', 'N 600', '600', '1', '2025-05-09', 'pm', 'sell', 0, '2025-05-09 07:08:33', '2025-05-09 07:08:57'),
(657, 'ORD-681E0559B4949', '58', '19', '17', NULL, 0, 80, '96', 'N 600', '600', '1', '2025-05-09', 'pm', 'sell', 0, '2025-05-09 07:08:33', '2025-05-09 07:08:57'),
(658, 'ORD-681E0565C9F3C', '59', '19', '17', NULL, 0, 80, '12', '12-34-56-78-90-09-87-65_5000', '5000', '1', '2025-05-09', 'pm', 'sell', 0, '2025-05-09 07:08:45', '2025-05-09 07:08:57'),
(659, 'ORD-681E0565CB0AC', '59', '19', '17', NULL, 0, 80, '34', '12-34-56-78-90-09-87-65_5000', '5000', '1', '2025-05-09', 'pm', 'sell', 0, '2025-05-09 07:08:45', '2025-05-09 07:08:57'),
(660, 'ORD-681E0565CC333', '59', '19', '17', NULL, 0, 80, '56', '12-34-56-78-90-09-87-65_5000', '5000', '1', '2025-05-09', 'pm', 'sell', 0, '2025-05-09 07:08:45', '2025-05-09 07:08:57'),
(661, 'ORD-681E0565CD7DD', '59', '19', '17', NULL, 0, 80, '78', '12-34-56-78-90-09-87-65_5000', '5000', '1', '2025-05-09', 'pm', 'sell', 0, '2025-05-09 07:08:45', '2025-05-09 07:08:57'),
(662, 'ORD-681E0565CE738', '59', '19', '17', NULL, 0, 80, '90', '12-34-56-78-90-09-87-65_5000', '5000', '1', '2025-05-09', 'pm', 'sell', 0, '2025-05-09 07:08:45', '2025-05-09 07:08:57'),
(663, 'ORD-681E0565CF5CB', '59', '19', '17', NULL, 0, 80, '09', '12-34-56-78-90-09-87-65_5000', '5000', '1', '2025-05-09', 'pm', 'sell', 0, '2025-05-09 07:08:45', '2025-05-09 07:08:57'),
(664, 'ORD-681E0565D0725', '59', '19', '17', NULL, 0, 80, '87', '12-34-56-78-90-09-87-65_5000', '5000', '1', '2025-05-09', 'pm', 'sell', 0, '2025-05-09 07:08:45', '2025-05-09 07:08:57'),
(665, 'ORD-681E0565D1ACA', '59', '19', '17', NULL, 0, 80, '65', '12-34-56-78-90-09-87-65_5000', '5000', '1', '2025-05-09', 'pm', 'sell', 0, '2025-05-09 07:08:45', '2025-05-09 07:08:57'),
(666, 'ORD-681E05FC6164C', '60', '19', '17', NULL, NULL, NULL, '00', 'S', '500', '1', NULL, NULL, NULL, 0, '2025-05-09 07:11:16', '2025-05-09 07:11:35'),
(667, 'ORD-681E05FC637A6', '60', '19', '17', NULL, NULL, NULL, '02', 'S', '500', '1', NULL, NULL, NULL, 0, '2025-05-09 07:11:16', '2025-05-09 07:11:35'),
(668, 'ORD-681E05FC64A17', '60', '19', '17', NULL, NULL, NULL, '04', 'S', '500', '1', NULL, NULL, NULL, 0, '2025-05-09 07:11:16', '2025-05-09 07:11:35'),
(669, 'ORD-681E05FC65CC6', '60', '19', '17', NULL, NULL, NULL, '06', 'S', '500', '1', NULL, NULL, NULL, 0, '2025-05-09 07:11:16', '2025-05-09 07:11:35'),
(670, 'ORD-681E05FC66D40', '60', '19', '17', NULL, NULL, NULL, '08', 'S', '500', '1', NULL, NULL, NULL, 0, '2025-05-09 07:11:16', '2025-05-09 07:11:35'),
(671, 'ORD-681E05FC6807B', '60', '19', '17', NULL, NULL, NULL, '10', 'S', '500', '1', NULL, NULL, NULL, 0, '2025-05-09 07:11:16', '2025-05-09 07:11:35'),
(672, 'ORD-681E05FC691CF', '60', '19', '17', NULL, NULL, NULL, '12', 'S', '500', '1', NULL, NULL, NULL, 0, '2025-05-09 07:11:16', '2025-05-09 07:11:35'),
(673, 'ORD-681E05FC6A4D4', '60', '19', '17', NULL, NULL, NULL, '14', 'S', '500', '1', NULL, NULL, NULL, 0, '2025-05-09 07:11:16', '2025-05-09 07:11:35'),
(674, 'ORD-681E05FC6B643', '60', '19', '17', NULL, NULL, NULL, '16', 'S', '500', '1', NULL, NULL, NULL, 0, '2025-05-09 07:11:16', '2025-05-09 07:11:35'),
(675, 'ORD-681E05FC6C6CE', '60', '19', '17', NULL, NULL, NULL, '18', 'S', '500', '1', NULL, NULL, NULL, 0, '2025-05-09 07:11:16', '2025-05-09 07:11:35'),
(676, 'ORD-681E05FC6D5E4', '60', '19', '17', NULL, NULL, NULL, '20', 'S', '500', '1', NULL, NULL, NULL, 0, '2025-05-09 07:11:16', '2025-05-09 07:11:35'),
(677, 'ORD-681E05FC6E64F', '60', '19', '17', NULL, NULL, NULL, '22', 'S', '500', '1', NULL, NULL, NULL, 0, '2025-05-09 07:11:16', '2025-05-09 07:11:35'),
(678, 'ORD-681E05FC6F52A', '60', '19', '17', NULL, NULL, NULL, '24', 'S', '500', '1', NULL, NULL, NULL, 0, '2025-05-09 07:11:16', '2025-05-09 07:11:35'),
(679, 'ORD-681E05FC7052F', '60', '19', '17', NULL, NULL, NULL, '26', 'S', '500', '1', NULL, NULL, NULL, 0, '2025-05-09 07:11:16', '2025-05-09 07:11:35'),
(680, 'ORD-681E05FC7186B', '60', '19', '17', NULL, NULL, NULL, '28', 'S', '500', '1', NULL, NULL, NULL, 0, '2025-05-09 07:11:16', '2025-05-09 07:11:35'),
(681, 'ORD-681E05FC7292F', '60', '19', '17', NULL, NULL, NULL, '30', 'S', '500', '1', NULL, NULL, NULL, 0, '2025-05-09 07:11:16', '2025-05-09 07:11:35'),
(682, 'ORD-681E05FC737F7', '60', '19', '17', NULL, NULL, NULL, '32', 'S', '500', '1', NULL, NULL, NULL, 0, '2025-05-09 07:11:16', '2025-05-09 07:11:35'),
(683, 'ORD-681E05FC7469B', '60', '19', '17', NULL, NULL, NULL, '34', 'S', '500', '1', NULL, NULL, NULL, 0, '2025-05-09 07:11:16', '2025-05-09 07:11:35'),
(684, 'ORD-681E05FC7581F', '60', '19', '17', NULL, NULL, NULL, '36', 'S', '500', '1', NULL, NULL, NULL, 0, '2025-05-09 07:11:16', '2025-05-09 07:11:35'),
(685, 'ORD-681E05FC76AAC', '60', '19', '17', NULL, NULL, NULL, '38', 'S', '500', '1', NULL, NULL, NULL, 0, '2025-05-09 07:11:16', '2025-05-09 07:11:35'),
(686, 'ORD-681E05FC77BF0', '60', '19', '17', NULL, NULL, NULL, '40', 'S', '500', '1', NULL, NULL, NULL, 0, '2025-05-09 07:11:16', '2025-05-09 07:11:35'),
(687, 'ORD-681E05FC78F0C', '60', '19', '17', NULL, NULL, NULL, '42', 'S', '500', '1', NULL, NULL, NULL, 0, '2025-05-09 07:11:16', '2025-05-09 07:11:35'),
(688, 'ORD-681E05FC7A90E', '60', '19', '17', NULL, NULL, NULL, '44', 'S', '500', '1', NULL, NULL, NULL, 0, '2025-05-09 07:11:16', '2025-05-09 07:11:35'),
(689, 'ORD-681E05FC7B896', '60', '19', '17', NULL, NULL, NULL, '46', 'S', '500', '1', NULL, NULL, NULL, 0, '2025-05-09 07:11:16', '2025-05-09 07:11:35'),
(690, 'ORD-681E05FC7CAB1', '60', '19', '17', NULL, NULL, NULL, '48', 'S', '500', '1', NULL, NULL, NULL, 0, '2025-05-09 07:11:16', '2025-05-09 07:11:35'),
(691, 'ORD-681E05FC7DA37', '60', '19', '17', NULL, NULL, NULL, '50', 'S', '500', '1', NULL, NULL, NULL, 0, '2025-05-09 07:11:16', '2025-05-09 07:11:35'),
(692, 'ORD-681E05FC7EBD8', '60', '19', '17', NULL, NULL, NULL, '52', 'S', '500', '1', NULL, NULL, NULL, 0, '2025-05-09 07:11:16', '2025-05-09 07:11:35'),
(693, 'ORD-681E05FC7FB9F', '60', '19', '17', NULL, NULL, NULL, '54', 'S', '500', '1', NULL, NULL, NULL, 0, '2025-05-09 07:11:16', '2025-05-09 07:11:35'),
(694, 'ORD-681E05FC80BD4', '60', '19', '17', NULL, NULL, NULL, '56', 'S', '500', '1', NULL, NULL, NULL, 0, '2025-05-09 07:11:16', '2025-05-09 07:11:35'),
(695, 'ORD-681E05FC82249', '60', '19', '17', NULL, NULL, NULL, '58', 'S', '500', '1', NULL, NULL, NULL, 0, '2025-05-09 07:11:16', '2025-05-09 07:11:35'),
(696, 'ORD-681E05FC8324F', '60', '19', '17', NULL, NULL, NULL, '60', 'S', '500', '1', NULL, NULL, NULL, 0, '2025-05-09 07:11:16', '2025-05-09 07:11:35'),
(697, 'ORD-681E05FC840C7', '60', '19', '17', NULL, NULL, NULL, '62', 'S', '500', '1', NULL, NULL, NULL, 0, '2025-05-09 07:11:16', '2025-05-09 07:11:35'),
(698, 'ORD-681E05FC85028', '60', '19', '17', NULL, NULL, NULL, '64', 'S', '500', '1', NULL, NULL, NULL, 0, '2025-05-09 07:11:16', '2025-05-09 07:11:35'),
(699, 'ORD-681E05FC861CC', '60', '19', '17', NULL, NULL, NULL, '66', 'S', '500', '1', NULL, NULL, NULL, 0, '2025-05-09 07:11:16', '2025-05-09 07:11:35'),
(700, 'ORD-681E05FC873D7', '60', '19', '17', NULL, NULL, NULL, '68', 'S', '500', '1', NULL, NULL, NULL, 0, '2025-05-09 07:11:16', '2025-05-09 07:11:35'),
(701, 'ORD-681E05FC885C1', '60', '19', '17', NULL, NULL, NULL, '70', 'S', '500', '1', NULL, NULL, NULL, 0, '2025-05-09 07:11:16', '2025-05-09 07:11:35'),
(702, 'ORD-681E05FC8974E', '60', '19', '17', NULL, NULL, NULL, '72', 'S', '500', '1', NULL, NULL, NULL, 0, '2025-05-09 07:11:16', '2025-05-09 07:11:35'),
(703, 'ORD-681E05FC8AEE4', '60', '19', '17', NULL, NULL, NULL, '74', 'S', '500', '1', NULL, NULL, NULL, 0, '2025-05-09 07:11:16', '2025-05-09 07:11:35'),
(704, 'ORD-681E05FC8BF28', '60', '19', '17', NULL, NULL, NULL, '76', 'S', '500', '1', NULL, NULL, NULL, 0, '2025-05-09 07:11:16', '2025-05-09 07:11:35'),
(705, 'ORD-681E05FC8CF13', '60', '19', '17', NULL, NULL, NULL, '78', 'S', '500', '1', NULL, NULL, NULL, 0, '2025-05-09 07:11:16', '2025-05-09 07:11:35'),
(706, 'ORD-681E05FC8DECC', '60', '19', '17', NULL, NULL, NULL, '80', 'S', '500', '1', NULL, NULL, NULL, 0, '2025-05-09 07:11:16', '2025-05-09 07:11:35'),
(707, 'ORD-681E05FC8EEB9', '60', '19', '17', NULL, NULL, NULL, '82', 'S', '500', '1', NULL, NULL, NULL, 0, '2025-05-09 07:11:16', '2025-05-09 07:11:35'),
(708, 'ORD-681E05FC9000F', '60', '19', '17', NULL, NULL, NULL, '84', 'S', '500', '1', NULL, NULL, NULL, 0, '2025-05-09 07:11:16', '2025-05-09 07:11:35'),
(709, 'ORD-681E05FC91174', '60', '19', '17', NULL, NULL, NULL, '86', 'S', '500', '1', NULL, NULL, NULL, 0, '2025-05-09 07:11:16', '2025-05-09 07:11:35'),
(710, 'ORD-681E05FC928C3', '60', '19', '17', NULL, NULL, NULL, '88', 'S', '500', '1', NULL, NULL, NULL, 0, '2025-05-09 07:11:16', '2025-05-09 07:11:35'),
(711, 'ORD-681E05FC939F5', '60', '19', '17', NULL, NULL, NULL, '90', 'S', '500', '1', NULL, NULL, NULL, 0, '2025-05-09 07:11:16', '2025-05-09 07:11:35'),
(712, 'ORD-681E05FC94AB1', '60', '19', '17', NULL, NULL, NULL, '92', 'S', '500', '1', NULL, NULL, NULL, 0, '2025-05-09 07:11:16', '2025-05-09 07:11:35'),
(713, 'ORD-681E05FC95A3F', '60', '19', '17', NULL, NULL, NULL, '94', 'S', '500', '1', NULL, NULL, NULL, 0, '2025-05-09 07:11:16', '2025-05-09 07:11:35'),
(714, 'ORD-681E05FC96B43', '60', '19', '17', NULL, NULL, NULL, '96', 'S', '500', '1', NULL, NULL, NULL, 0, '2025-05-09 07:11:16', '2025-05-09 07:11:35'),
(715, 'ORD-681E05FC97DC5', '60', '19', '17', NULL, NULL, NULL, '98', 'S', '500', '1', NULL, NULL, NULL, 0, '2025-05-09 07:11:16', '2025-05-09 07:11:35'),
(716, 'ORD-682445FAA8824', '61', '19', '17', NULL, 0, 80, '05', 'W 500', '500', '1', '2025-05-14', 'am', 'sell', 0, '2025-05-14 00:57:54', '2025-05-14 00:58:01'),
(717, 'ORD-682445FAA9B31', '61', '19', '17', NULL, 0, 80, '16', 'W 500', '500', '1', '2025-05-14', 'am', 'sell', 0, '2025-05-14 00:57:54', '2025-05-14 00:58:01'),
(718, 'ORD-682445FAAA5C8', '61', '19', '17', NULL, 0, 80, '27', 'W 500', '500', '1', '2025-05-14', 'am', 'sell', 0, '2025-05-14 00:57:54', '2025-05-14 00:58:01'),
(719, 'ORD-682445FAAB4AD', '61', '19', '17', NULL, 0, 80, '38', 'W 500', '500', '1', '2025-05-14', 'am', 'sell', 0, '2025-05-14 00:57:54', '2025-05-14 00:58:01'),
(720, 'ORD-682445FAAC5D5', '61', '19', '17', NULL, 0, 80, '49', 'W 500', '500', '1', '2025-05-14', 'am', 'sell', 0, '2025-05-14 00:57:54', '2025-05-14 00:58:01'),
(721, 'ORD-682445FAAD434', '61', '19', '17', NULL, 0, 80, '50', 'W 500', '500', '1', '2025-05-14', 'am', 'sell', 0, '2025-05-14 00:57:54', '2025-05-14 00:58:01'),
(722, 'ORD-682445FAADF95', '61', '19', '17', NULL, 0, 80, '61', 'W 500', '500', '1', '2025-05-14', 'am', 'sell', 0, '2025-05-14 00:57:54', '2025-05-14 00:58:01'),
(723, 'ORD-682445FAAEDC2', '61', '19', '17', NULL, 0, 80, '72', 'W 500', '500', '1', '2025-05-14', 'am', 'sell', 0, '2025-05-14 00:57:54', '2025-05-14 00:58:01'),
(724, 'ORD-682445FAAFCBB', '61', '19', '17', NULL, 0, 80, '83', 'W 500', '500', '1', '2025-05-14', 'am', 'sell', 0, '2025-05-14 00:57:54', '2025-05-14 00:58:01'),
(725, 'ORD-682445FAB0AEB', '61', '19', '17', NULL, 0, 80, '94', 'W 500', '500', '1', '2025-05-14', 'am', 'sell', 0, '2025-05-14 00:57:54', '2025-05-14 00:58:01'),
(726, 'ORD-6824461D46288', '62', '1', '17', '1', 20, 80, '05', 'rebuy_200', '200', '1', '2025-05-14', 'am', 'buy', 0, '2025-05-14 00:58:29', '2025-05-14 00:58:33'),
(727, 'ORD-6824461D46FDE', '62', '1', '17', '1', 20, 80, '16', 'rebuy_200', '200', '1', '2025-05-14', 'am', 'buy', 0, '2025-05-14 00:58:29', '2025-05-14 00:58:33'),
(728, 'ORD-6824461D4821D', '62', '1', '17', '1', 20, 80, '27', 'rebuy_200', '200', '1', '2025-05-14', 'am', 'buy', 0, '2025-05-14 00:58:29', '2025-05-14 00:58:33'),
(729, 'ORD-6824461D48B03', '62', '1', '17', '1', 20, 80, '38', 'rebuy_200', '200', '1', '2025-05-14', 'am', 'buy', 0, '2025-05-14 00:58:29', '2025-05-14 00:58:33'),
(730, 'ORD-6824461D49967', '62', '1', '17', '1', 20, 80, '49', 'rebuy_200', '200', '1', '2025-05-14', 'am', 'buy', 0, '2025-05-14 00:58:29', '2025-05-14 00:58:33'),
(731, 'ORD-6824461D4A3E7', '62', '1', '17', '1', 20, 80, '50', 'rebuy_200', '200', '1', '2025-05-14', 'am', 'buy', 0, '2025-05-14 00:58:29', '2025-05-14 00:58:33'),
(732, 'ORD-6824461D4AB5D', '62', '1', '17', '1', 20, 80, '61', 'rebuy_200', '200', '1', '2025-05-14', 'am', 'buy', 0, '2025-05-14 00:58:29', '2025-05-14 00:58:33'),
(733, 'ORD-6824461D4B4EF', '62', '1', '17', '1', 20, 80, '72', 'rebuy_200', '200', '1', '2025-05-14', 'am', 'buy', 0, '2025-05-14 00:58:29', '2025-05-14 00:58:33'),
(734, 'ORD-6824461D4C06D', '62', '1', '17', '1', 20, 80, '83', 'rebuy_200', '200', '1', '2025-05-14', 'am', 'buy', 0, '2025-05-14 00:58:29', '2025-05-14 00:58:33'),
(735, 'ORD-6824461D4C90F', '62', '1', '17', '1', 20, 80, '94', 'rebuy_200', '200', '1', '2025-05-14', 'am', 'buy', 0, '2025-05-14 00:58:29', '2025-05-14 00:58:33'),
(766, 'ORD-68245E47F41B2', '66', NULL, '17', '1', 20, 80, '05', 'W 1500', '1500', '1', '2025-05-14', 'am', 'buy', 0, '2025-05-14 02:41:36', '2025-05-14 02:41:41'),
(767, 'ORD-68245E48012F2', '66', NULL, '17', '1', 20, 80, '16', 'W 1500', '1500', '1', '2025-05-14', 'am', 'buy', 0, '2025-05-14 02:41:36', '2025-05-14 02:41:41'),
(768, 'ORD-68245E4802431', '66', NULL, '17', '1', 20, 80, '27', 'W 1500', '1500', '1', '2025-05-14', 'am', 'buy', 0, '2025-05-14 02:41:36', '2025-05-14 02:41:41'),
(769, 'ORD-68245E4803281', '66', NULL, '17', '1', 20, 80, '38', 'W 1500', '1500', '1', '2025-05-14', 'am', 'buy', 0, '2025-05-14 02:41:36', '2025-05-14 02:41:41'),
(770, 'ORD-68245E4803FCC', '66', NULL, '17', '1', 20, 80, '49', 'W 1500', '1500', '1', '2025-05-14', 'am', 'buy', 0, '2025-05-14 02:41:36', '2025-05-14 02:41:41'),
(771, 'ORD-68245E4805731', '66', NULL, '17', '1', 20, 80, '50', 'W 1500', '1500', '1', '2025-05-14', 'am', 'buy', 0, '2025-05-14 02:41:36', '2025-05-14 02:41:41'),
(772, 'ORD-68245E48070B6', '66', NULL, '17', '1', 20, 80, '61', 'W 1500', '1500', '1', '2025-05-14', 'am', 'buy', 0, '2025-05-14 02:41:36', '2025-05-14 02:41:41'),
(773, 'ORD-68245E4807F68', '66', NULL, '17', '1', 20, 80, '72', 'W 1500', '1500', '1', '2025-05-14', 'am', 'buy', 0, '2025-05-14 02:41:36', '2025-05-14 02:41:41'),
(774, 'ORD-68245E4809048', '66', NULL, '17', '1', 20, 80, '83', 'W 1500', '1500', '1', '2025-05-14', 'am', 'buy', 0, '2025-05-14 02:41:36', '2025-05-14 02:41:41'),
(775, 'ORD-68245E480A0FE', '66', NULL, '17', '1', 20, 80, '94', 'W 1500', '1500', '1', '2025-05-14', 'am', 'buy', 0, '2025-05-14 02:41:36', '2025-05-14 02:41:41'),
(1076, 'ORD-6825BB536B55D', '94', '19', '17', NULL, 0, 85, '05', 'W 2000', '2000', '1', '2025-05-15', 'am', 'sell', 0, '2025-05-15 03:30:51', '2025-05-15 03:43:17'),
(1077, 'ORD-6825BB536C8C8', '94', '19', '17', NULL, 0, 85, '16', 'W 2000', '2000', '1', '2025-05-15', 'am', 'sell', 0, '2025-05-15 03:30:51', '2025-05-15 03:43:17'),
(1078, 'ORD-6825BB536DB94', '94', '19', '17', NULL, 0, 85, '27', 'W 2000', '2000', '1', '2025-05-15', 'am', 'sell', 0, '2025-05-15 03:30:51', '2025-05-15 03:43:17'),
(1079, 'ORD-6825BB536ECC5', '94', '19', '17', NULL, 0, 85, '38', 'W 2000', '2000', '1', '2025-05-15', 'am', 'sell', 0, '2025-05-15 03:30:51', '2025-05-15 03:43:17'),
(1080, 'ORD-6825BB5370042', '94', '19', '17', NULL, 0, 85, '49', 'W 2000', '2000', '1', '2025-05-15', 'am', 'sell', 0, '2025-05-15 03:30:51', '2025-05-15 03:43:17'),
(1081, 'ORD-6825BB53711BD', '94', '19', '17', NULL, 0, 85, '50', 'W 2000', '2000', '1', '2025-05-15', 'am', 'sell', 0, '2025-05-15 03:30:51', '2025-05-15 03:43:17'),
(1082, 'ORD-6825BB53723AE', '94', '19', '17', NULL, 0, 85, '61', 'W 2000', '2000', '1', '2025-05-15', 'am', 'sell', 0, '2025-05-15 03:30:51', '2025-05-15 03:43:17'),
(1083, 'ORD-6825BB53735A5', '94', '19', '17', NULL, 0, 85, '72', 'W 2000', '2000', '1', '2025-05-15', 'am', 'sell', 0, '2025-05-15 03:30:51', '2025-05-15 03:43:17'),
(1084, 'ORD-6825BB53747F3', '94', '19', '17', NULL, 0, 85, '83', 'W 2000', '2000', '1', '2025-05-15', 'am', 'sell', 0, '2025-05-15 03:30:51', '2025-05-15 03:43:17'),
(1085, 'ORD-6825BB5375A1A', '94', '19', '17', NULL, 0, 85, '94', 'W 2000', '2000', '1', '2025-05-15', 'am', 'sell', 0, '2025-05-15 03:30:51', '2025-05-15 03:43:17'),
(1086, 'ORD-6825BB5BB2E82', '95', '19', '17', NULL, 0, 85, '07', 'N 1000', '1000', '1', '2025-05-15', 'am', 'sell', 0, '2025-05-15 03:30:59', '2025-05-15 03:43:17'),
(1087, 'ORD-6825BB5BB449E', '95', '19', '17', NULL, 0, 85, '18', 'N 1000', '1000', '1', '2025-05-15', 'am', 'sell', 0, '2025-05-15 03:30:59', '2025-05-15 03:43:17'),
(1088, 'ORD-6825BB5BB5A0C', '95', '19', '17', NULL, 0, 85, '24', 'N 1000', '1000', '1', '2025-05-15', 'am', 'sell', 0, '2025-05-15 03:30:59', '2025-05-15 03:43:17'),
(1089, 'ORD-6825BB5BB6F23', '95', '19', '17', NULL, 0, 85, '35', 'N 1000', '1000', '1', '2025-05-15', 'am', 'sell', 0, '2025-05-15 03:30:59', '2025-05-15 03:43:17'),
(1090, 'ORD-6825BB5BB8727', '95', '19', '17', NULL, 0, 85, '42', 'N 1000', '1000', '1', '2025-05-15', 'am', 'sell', 0, '2025-05-15 03:30:59', '2025-05-15 03:43:17'),
(1091, 'ORD-6825BB5BB9A62', '95', '19', '17', NULL, 0, 85, '53', 'N 1000', '1000', '1', '2025-05-15', 'am', 'sell', 0, '2025-05-15 03:30:59', '2025-05-15 03:43:17'),
(1092, 'ORD-6825BB5BBB25D', '95', '19', '17', NULL, 0, 85, '69', 'N 1000', '1000', '1', '2025-05-15', 'am', 'sell', 0, '2025-05-15 03:30:59', '2025-05-15 03:43:17'),
(1093, 'ORD-6825BB5BBCAE8', '95', '19', '17', NULL, 0, 85, '70', 'N 1000', '1000', '1', '2025-05-15', 'am', 'sell', 0, '2025-05-15 03:30:59', '2025-05-15 03:43:17'),
(1094, 'ORD-6825BB5BBDE5D', '95', '19', '17', NULL, 0, 85, '81', 'N 1000', '1000', '1', '2025-05-15', 'am', 'sell', 0, '2025-05-15 03:30:59', '2025-05-15 03:43:17'),
(1095, 'ORD-6825BB5BBF8C9', '95', '19', '17', NULL, 0, 85, '96', 'N 1000', '1000', '1', '2025-05-15', 'am', 'sell', 0, '2025-05-15 03:30:59', '2025-05-15 03:43:17'),
(1096, 'ORD-6825BB635AE86', '96', '20', '17', NULL, 5, 85, '05', 'W 5000', '5000', '1', '2025-05-15', 'am', 'sell', 0, '2025-05-15 03:31:07', '2025-05-15 03:43:17'),
(1097, 'ORD-6825BB6365CF4', '96', '20', '17', NULL, 5, 85, '16', 'W 5000', '5000', '1', '2025-05-15', 'am', 'sell', 0, '2025-05-15 03:31:07', '2025-05-15 03:43:17'),
(1098, 'ORD-6825BB636723F', '96', '20', '17', NULL, 5, 85, '27', 'W 5000', '5000', '1', '2025-05-15', 'am', 'sell', 0, '2025-05-15 03:31:07', '2025-05-15 03:43:17'),
(1099, 'ORD-6825BB63682C5', '96', '20', '17', NULL, 5, 85, '38', 'W 5000', '5000', '1', '2025-05-15', 'am', 'sell', 0, '2025-05-15 03:31:07', '2025-05-15 03:43:17'),
(1100, 'ORD-6825BB6369111', '96', '20', '17', NULL, 5, 85, '49', 'W 5000', '5000', '1', '2025-05-15', 'am', 'sell', 0, '2025-05-15 03:31:07', '2025-05-15 03:43:17'),
(1101, 'ORD-6825BB6369DE5', '96', '20', '17', NULL, 5, 85, '50', 'W 5000', '5000', '1', '2025-05-15', 'am', 'sell', 0, '2025-05-15 03:31:07', '2025-05-15 03:43:17'),
(1102, 'ORD-6825BB636B20C', '96', '20', '17', NULL, 5, 85, '61', 'W 5000', '5000', '1', '2025-05-15', 'am', 'sell', 0, '2025-05-15 03:31:07', '2025-05-15 03:43:17'),
(1103, 'ORD-6825BB636C2C4', '96', '20', '17', NULL, 5, 85, '72', 'W 5000', '5000', '1', '2025-05-15', 'am', 'sell', 0, '2025-05-15 03:31:07', '2025-05-15 03:43:17'),
(1104, 'ORD-6825BB636D50F', '96', '20', '17', NULL, 5, 85, '83', 'W 5000', '5000', '1', '2025-05-15', 'am', 'sell', 0, '2025-05-15 03:31:07', '2025-05-15 03:43:17'),
(1105, 'ORD-6825BB636E7F1', '96', '20', '17', NULL, 5, 85, '94', 'W 5000', '5000', '1', '2025-05-15', 'am', 'sell', 0, '2025-05-15 03:31:07', '2025-05-15 03:43:17'),
(1106, 'ORD-6825BB6BCEA19', '97', '21', '17', NULL, 0, 80, '01', 'M 1000', '1000', '1', '2025-05-15', 'am', 'sell', 0, '2025-05-15 03:31:15', '2025-05-15 03:43:17'),
(1107, 'ORD-6825BB6BD04A6', '97', '21', '17', NULL, 0, 80, '03', 'M 1000', '1000', '1', '2025-05-15', 'am', 'sell', 0, '2025-05-15 03:31:15', '2025-05-15 03:43:17'),
(1108, 'ORD-6825BB6BD165F', '97', '21', '17', NULL, 0, 80, '05', 'M 1000', '1000', '1', '2025-05-15', 'am', 'sell', 0, '2025-05-15 03:31:15', '2025-05-15 03:43:17'),
(1109, 'ORD-6825BB6BD2692', '97', '21', '17', NULL, 0, 80, '07', 'M 1000', '1000', '1', '2025-05-15', 'am', 'sell', 0, '2025-05-15 03:31:15', '2025-05-15 03:43:17'),
(1110, 'ORD-6825BB6BD37D4', '97', '21', '17', NULL, 0, 80, '09', 'M 1000', '1000', '1', '2025-05-15', 'am', 'sell', 0, '2025-05-15 03:31:15', '2025-05-15 03:43:17'),
(1111, 'ORD-6825BB6BD4883', '97', '21', '17', NULL, 0, 80, '11', 'M 1000', '1000', '1', '2025-05-15', 'am', 'sell', 0, '2025-05-15 03:31:15', '2025-05-15 03:43:17'),
(1112, 'ORD-6825BB6BD57C2', '97', '21', '17', NULL, 0, 80, '13', 'M 1000', '1000', '1', '2025-05-15', 'am', 'sell', 0, '2025-05-15 03:31:15', '2025-05-15 03:43:17'),
(1113, 'ORD-6825BB6BD68DC', '97', '21', '17', NULL, 0, 80, '15', 'M 1000', '1000', '1', '2025-05-15', 'am', 'sell', 0, '2025-05-15 03:31:15', '2025-05-15 03:43:17'),
(1114, 'ORD-6825BB6BD7FE2', '97', '21', '17', NULL, 0, 80, '17', 'M 1000', '1000', '1', '2025-05-15', 'am', 'sell', 0, '2025-05-15 03:31:15', '2025-05-15 03:43:17'),
(1115, 'ORD-6825BB6BD9419', '97', '21', '17', NULL, 0, 80, '19', 'M 1000', '1000', '1', '2025-05-15', 'am', 'sell', 0, '2025-05-15 03:31:15', '2025-05-15 03:43:17'),
(1116, 'ORD-6825BB6BDA5D8', '97', '21', '17', NULL, 0, 80, '21', 'M 1000', '1000', '1', '2025-05-15', 'am', 'sell', 0, '2025-05-15 03:31:15', '2025-05-15 03:43:17'),
(1117, 'ORD-6825BB6BDB706', '97', '21', '17', NULL, 0, 80, '23', 'M 1000', '1000', '1', '2025-05-15', 'am', 'sell', 0, '2025-05-15 03:31:15', '2025-05-15 03:43:17'),
(1118, 'ORD-6825BB6BDC768', '97', '21', '17', NULL, 0, 80, '25', 'M 1000', '1000', '1', '2025-05-15', 'am', 'sell', 0, '2025-05-15 03:31:15', '2025-05-15 03:43:17'),
(1119, 'ORD-6825BB6BDD7DE', '97', '21', '17', NULL, 0, 80, '27', 'M 1000', '1000', '1', '2025-05-15', 'am', 'sell', 0, '2025-05-15 03:31:15', '2025-05-15 03:43:17'),
(1120, 'ORD-6825BB6BDE6C8', '97', '21', '17', NULL, 0, 80, '29', 'M 1000', '1000', '1', '2025-05-15', 'am', 'sell', 0, '2025-05-15 03:31:15', '2025-05-15 03:43:17'),
(1121, 'ORD-6825BB6BDF81B', '97', '21', '17', NULL, 0, 80, '31', 'M 1000', '1000', '1', '2025-05-15', 'am', 'sell', 0, '2025-05-15 03:31:15', '2025-05-15 03:43:17'),
(1122, 'ORD-6825BB6BE0CCC', '97', '21', '17', NULL, 0, 80, '33', 'M 1000', '1000', '1', '2025-05-15', 'am', 'sell', 0, '2025-05-15 03:31:15', '2025-05-15 03:43:17'),
(1123, 'ORD-6825BB6BE1BE2', '97', '21', '17', NULL, 0, 80, '35', 'M 1000', '1000', '1', '2025-05-15', 'am', 'sell', 0, '2025-05-15 03:31:15', '2025-05-15 03:43:17'),
(1124, 'ORD-6825BB6BE2BBF', '97', '21', '17', NULL, 0, 80, '37', 'M 1000', '1000', '1', '2025-05-15', 'am', 'sell', 1, '2025-05-15 03:31:15', '2025-05-15 03:43:28'),
(1125, 'ORD-6825BB6BE3DC4', '97', '21', '17', NULL, 0, 80, '39', 'M 1000', '1000', '1', '2025-05-15', 'am', 'sell', 0, '2025-05-15 03:31:15', '2025-05-15 03:43:17'),
(1126, 'ORD-6825BB6BE4F65', '97', '21', '17', NULL, 0, 80, '41', 'M 1000', '1000', '1', '2025-05-15', 'am', 'sell', 0, '2025-05-15 03:31:15', '2025-05-15 03:43:17'),
(1127, 'ORD-6825BB6BE669B', '97', '21', '17', NULL, 0, 80, '43', 'M 1000', '1000', '1', '2025-05-15', 'am', 'sell', 0, '2025-05-15 03:31:15', '2025-05-15 03:43:17'),
(1128, 'ORD-6825BB6BE8117', '97', '21', '17', NULL, 0, 80, '45', 'M 1000', '1000', '1', '2025-05-15', 'am', 'sell', 0, '2025-05-15 03:31:15', '2025-05-15 03:43:17'),
(1129, 'ORD-6825BB6BE9869', '97', '21', '17', NULL, 0, 80, '47', 'M 1000', '1000', '1', '2025-05-15', 'am', 'sell', 0, '2025-05-15 03:31:15', '2025-05-15 03:43:17'),
(1130, 'ORD-6825BB6BEA986', '97', '21', '17', NULL, 0, 80, '49', 'M 1000', '1000', '1', '2025-05-15', 'am', 'sell', 0, '2025-05-15 03:31:15', '2025-05-15 03:43:17'),
(1131, 'ORD-6825BB6BEC212', '97', '21', '17', NULL, 0, 80, '51', 'M 1000', '1000', '1', '2025-05-15', 'am', 'sell', 0, '2025-05-15 03:31:15', '2025-05-15 03:43:17'),
(1132, 'ORD-6825BB6BED946', '97', '21', '17', NULL, 0, 80, '53', 'M 1000', '1000', '1', '2025-05-15', 'am', 'sell', 0, '2025-05-15 03:31:15', '2025-05-15 03:43:17'),
(1133, 'ORD-6825BB6BEE986', '97', '21', '17', NULL, 0, 80, '55', 'M 1000', '1000', '1', '2025-05-15', 'am', 'sell', 0, '2025-05-15 03:31:15', '2025-05-15 03:43:17'),
(1134, 'ORD-6825BB6BEF91A', '97', '21', '17', NULL, 0, 80, '57', 'M 1000', '1000', '1', '2025-05-15', 'am', 'sell', 0, '2025-05-15 03:31:15', '2025-05-15 03:43:17'),
(1135, 'ORD-6825BB6BF11A5', '97', '21', '17', NULL, 0, 80, '59', 'M 1000', '1000', '1', '2025-05-15', 'am', 'sell', 0, '2025-05-15 03:31:15', '2025-05-15 03:43:17'),
(1136, 'ORD-6825BB6BF2E22', '97', '21', '17', NULL, 0, 80, '61', 'M 1000', '1000', '1', '2025-05-15', 'am', 'sell', 0, '2025-05-15 03:31:15', '2025-05-15 03:43:17'),
(1137, 'ORD-6825BB6BF3F1A', '97', '21', '17', NULL, 0, 80, '63', 'M 1000', '1000', '1', '2025-05-15', 'am', 'sell', 0, '2025-05-15 03:31:15', '2025-05-15 03:43:17'),
(1138, 'ORD-6825BB6C01975', '97', '21', '17', NULL, 0, 80, '65', 'M 1000', '1000', '1', '2025-05-15', 'am', 'sell', 0, '2025-05-15 03:31:16', '2025-05-15 03:43:17'),
(1139, 'ORD-6825BB6C03D6F', '97', '21', '17', NULL, 0, 80, '67', 'M 1000', '1000', '1', '2025-05-15', 'am', 'sell', 0, '2025-05-15 03:31:16', '2025-05-15 03:43:17'),
(1140, 'ORD-6825BB6C060DA', '97', '21', '17', NULL, 0, 80, '69', 'M 1000', '1000', '1', '2025-05-15', 'am', 'sell', 0, '2025-05-15 03:31:16', '2025-05-15 03:43:17'),
(1141, 'ORD-6825BB6C079E9', '97', '21', '17', NULL, 0, 80, '71', 'M 1000', '1000', '1', '2025-05-15', 'am', 'sell', 0, '2025-05-15 03:31:16', '2025-05-15 03:43:17'),
(1142, 'ORD-6825BB6C09020', '97', '21', '17', NULL, 0, 80, '73', 'M 1000', '1000', '1', '2025-05-15', 'am', 'sell', 0, '2025-05-15 03:31:16', '2025-05-15 03:43:17'),
(1143, 'ORD-6825BB6C0A19A', '97', '21', '17', NULL, 0, 80, '75', 'M 1000', '1000', '1', '2025-05-15', 'am', 'sell', 0, '2025-05-15 03:31:16', '2025-05-15 03:43:17'),
(1144, 'ORD-6825BB6C0B1CE', '97', '21', '17', NULL, 0, 80, '77', 'M 1000', '1000', '1', '2025-05-15', 'am', 'sell', 0, '2025-05-15 03:31:16', '2025-05-15 03:43:17'),
(1145, 'ORD-6825BB6C0C27B', '97', '21', '17', NULL, 0, 80, '79', 'M 1000', '1000', '1', '2025-05-15', 'am', 'sell', 0, '2025-05-15 03:31:16', '2025-05-15 03:43:17'),
(1146, 'ORD-6825BB6C0D338', '97', '21', '17', NULL, 0, 80, '81', 'M 1000', '1000', '1', '2025-05-15', 'am', 'sell', 0, '2025-05-15 03:31:16', '2025-05-15 03:43:17'),
(1147, 'ORD-6825BB6C0DFEC', '97', '21', '17', NULL, 0, 80, '83', 'M 1000', '1000', '1', '2025-05-15', 'am', 'sell', 0, '2025-05-15 03:31:16', '2025-05-15 03:43:17'),
(1148, 'ORD-6825BB6C0EE11', '97', '21', '17', NULL, 0, 80, '85', 'M 1000', '1000', '1', '2025-05-15', 'am', 'sell', 0, '2025-05-15 03:31:16', '2025-05-15 03:43:17'),
(1149, 'ORD-6825BB6C0FE10', '97', '21', '17', NULL, 0, 80, '87', 'M 1000', '1000', '1', '2025-05-15', 'am', 'sell', 0, '2025-05-15 03:31:16', '2025-05-15 03:43:17'),
(1150, 'ORD-6825BB6C10D09', '97', '21', '17', NULL, 0, 80, '89', 'M 1000', '1000', '1', '2025-05-15', 'am', 'sell', 0, '2025-05-15 03:31:16', '2025-05-15 03:43:17'),
(1151, 'ORD-6825BB6C120DF', '97', '21', '17', NULL, 0, 80, '91', 'M 1000', '1000', '1', '2025-05-15', 'am', 'sell', 0, '2025-05-15 03:31:16', '2025-05-15 03:43:17'),
(1152, 'ORD-6825BB6C12EB5', '97', '21', '17', NULL, 0, 80, '93', 'M 1000', '1000', '1', '2025-05-15', 'am', 'sell', 0, '2025-05-15 03:31:16', '2025-05-15 03:43:17'),
(1153, 'ORD-6825BB6C13B22', '97', '21', '17', NULL, 0, 80, '95', 'M 1000', '1000', '1', '2025-05-15', 'am', 'sell', 0, '2025-05-15 03:31:16', '2025-05-15 03:43:17'),
(1154, 'ORD-6825BB6C14882', '97', '21', '17', NULL, 0, 80, '97', 'M 1000', '1000', '1', '2025-05-15', 'am', 'sell', 0, '2025-05-15 03:31:16', '2025-05-15 03:43:17'),
(1155, 'ORD-6825BB6C15744', '97', '21', '17', NULL, 0, 80, '99', 'M 1000', '1000', '1', '2025-05-15', 'am', 'sell', 0, '2025-05-15 03:31:16', '2025-05-15 03:43:17'),
(1156, 'ORD-6825BB736B4C8', '98', '20', '17', NULL, 5, 85, '37', '37 1000', '1000', '1', '2025-05-15', 'am', 'sell', 1, '2025-05-15 03:31:23', '2025-05-15 03:43:28'),
(1207, 'ORD-6825BB9D8A65D', '100', NULL, '17', '1', 20, 80, '05', 'W 300', '300', '1', '2025-05-15', 'am', 'buy', 0, '2025-05-15 03:32:05', '2025-05-15 03:43:17'),
(1208, 'ORD-6825BB9D8B412', '100', NULL, '17', '1', 20, 80, '16', 'W 300', '300', '1', '2025-05-15', 'am', 'buy', 0, '2025-05-15 03:32:05', '2025-05-15 03:43:17'),
(1209, 'ORD-6825BB9D8BEB8', '100', NULL, '17', '1', 20, 80, '27', 'W 300', '300', '1', '2025-05-15', 'am', 'buy', 0, '2025-05-15 03:32:05', '2025-05-15 03:43:17'),
(1210, 'ORD-6825BB9D8C909', '100', NULL, '17', '1', 20, 80, '38', 'W 300', '300', '1', '2025-05-15', 'am', 'buy', 0, '2025-05-15 03:32:05', '2025-05-15 03:43:17'),
(1211, 'ORD-6825BB9D8D592', '100', NULL, '17', '1', 20, 80, '49', 'W 300', '300', '1', '2025-05-15', 'am', 'buy', 0, '2025-05-15 03:32:05', '2025-05-15 03:43:17'),
(1212, 'ORD-6825BB9D8DE86', '100', NULL, '17', '1', 20, 80, '50', 'W 300', '300', '1', '2025-05-15', 'am', 'buy', 0, '2025-05-15 03:32:05', '2025-05-15 03:43:17'),
(1213, 'ORD-6825BB9D8ECAA', '100', NULL, '17', '1', 20, 80, '61', 'W 300', '300', '1', '2025-05-15', 'am', 'buy', 0, '2025-05-15 03:32:05', '2025-05-15 03:43:17'),
(1214, 'ORD-6825BB9D906F0', '100', NULL, '17', '1', 20, 80, '72', 'W 300', '300', '1', '2025-05-15', 'am', 'buy', 0, '2025-05-15 03:32:05', '2025-05-15 03:43:17'),
(1215, 'ORD-6825BB9D9145C', '100', NULL, '17', '1', 20, 80, '83', 'W 300', '300', '1', '2025-05-15', 'am', 'buy', 0, '2025-05-15 03:32:05', '2025-05-15 03:43:17'),
(1216, 'ORD-6825BB9D92465', '100', NULL, '17', '1', 20, 80, '94', 'W 300', '300', '1', '2025-05-15', 'am', 'buy', 0, '2025-05-15 03:32:05', '2025-05-15 03:43:17'),
(1217, 'ORD-6825BBA712134', '101', NULL, '17', '1', 20, 80, '21', '21-34-55-65-85_1000', '1000', '1', '2025-05-15', 'am', 'buy', 0, '2025-05-15 03:32:15', '2025-05-15 03:43:17'),
(1218, 'ORD-6825BBA712E06', '101', NULL, '17', '1', 20, 80, '34', '21-34-55-65-85_1000', '1000', '1', '2025-05-15', 'am', 'buy', 0, '2025-05-15 03:32:15', '2025-05-15 03:43:17'),
(1219, 'ORD-6825BBA7139CA', '101', NULL, '17', '1', 20, 80, '55', '21-34-55-65-85_1000', '1000', '1', '2025-05-15', 'am', 'buy', 0, '2025-05-15 03:32:15', '2025-05-15 03:43:17'),
(1220, 'ORD-6825BBA714CFD', '101', NULL, '17', '1', 20, 80, '65', '21-34-55-65-85_1000', '1000', '1', '2025-05-15', 'am', 'buy', 0, '2025-05-15 03:32:15', '2025-05-15 03:43:17'),
(1221, 'ORD-6825BBA715DA3', '101', NULL, '17', '1', 20, 80, '85', '21-34-55-65-85_1000', '1000', '1', '2025-05-15', 'am', 'buy', 0, '2025-05-15 03:32:15', '2025-05-15 03:43:17'),
(1222, 'ORD-6825BBB118F88', '102', NULL, '17', '1', 20, 80, '37', '37 1000', '1000', '1', '2025-05-15', 'am', 'buy', 1, '2025-05-15 03:32:25', '2025-05-15 03:43:28'),
(1223, 'ORD-6825BE2BD182F', '103', NULL, '17', '1', 20, 80, '05', 'W 3000', '3000', '1', '2025-05-15', 'am', 'buy', 0, '2025-05-15 03:42:59', '2025-05-15 03:43:17'),
(1224, 'ORD-6825BE2BD34D5', '103', NULL, '17', '1', 20, 80, '16', 'W 3000', '3000', '1', '2025-05-15', 'am', 'buy', 0, '2025-05-15 03:42:59', '2025-05-15 03:43:17'),
(1225, 'ORD-6825BE2BD4AF8', '103', NULL, '17', '1', 20, 80, '27', 'W 3000', '3000', '1', '2025-05-15', 'am', 'buy', 0, '2025-05-15 03:42:59', '2025-05-15 03:43:17'),
(1226, 'ORD-6825BE2BD6023', '103', NULL, '17', '1', 20, 80, '38', 'W 3000', '3000', '1', '2025-05-15', 'am', 'buy', 0, '2025-05-15 03:42:59', '2025-05-15 03:43:17'),
(1227, 'ORD-6825BE2BD70FB', '103', NULL, '17', '1', 20, 80, '49', 'W 3000', '3000', '1', '2025-05-15', 'am', 'buy', 0, '2025-05-15 03:42:59', '2025-05-15 03:43:17'),
(1228, 'ORD-6825BE2BD8298', '103', NULL, '17', '1', 20, 80, '50', 'W 3000', '3000', '1', '2025-05-15', 'am', 'buy', 0, '2025-05-15 03:42:59', '2025-05-15 03:43:17'),
(1229, 'ORD-6825BE2BD9391', '103', NULL, '17', '1', 20, 80, '61', 'W 3000', '3000', '1', '2025-05-15', 'am', 'buy', 0, '2025-05-15 03:42:59', '2025-05-15 03:43:17'),
(1230, 'ORD-6825BE2BDA3E3', '103', NULL, '17', '1', 20, 80, '72', 'W 3000', '3000', '1', '2025-05-15', 'am', 'buy', 0, '2025-05-15 03:42:59', '2025-05-15 03:43:17'),
(1231, 'ORD-6825BE2BDB227', '103', NULL, '17', '1', 20, 80, '83', 'W 3000', '3000', '1', '2025-05-15', 'am', 'buy', 0, '2025-05-15 03:42:59', '2025-05-15 03:43:17'),
(1232, 'ORD-6825BE2BDC242', '103', NULL, '17', '1', 20, 80, '94', 'W 3000', '3000', '1', '2025-05-15', 'am', 'buy', 0, '2025-05-15 03:42:59', '2025-05-15 03:43:17'),
(1233, 'ORD-68270738E3B03', '104', '19', '17', NULL, 0, 85, '05', 'W 1000', '1000', '1', '2025-05-16', 'am', 'sell', 0, '2025-05-16 03:06:56', '2025-05-16 03:07:00'),
(1234, 'ORD-68270738E5416', '104', '19', '17', NULL, 0, 85, '16', 'W 1000', '1000', '1', '2025-05-16', 'am', 'sell', 0, '2025-05-16 03:06:56', '2025-05-16 03:07:00'),
(1235, 'ORD-68270738E6253', '104', '19', '17', NULL, 0, 85, '27', 'W 1000', '1000', '1', '2025-05-16', 'am', 'sell', 0, '2025-05-16 03:06:56', '2025-05-16 03:07:00'),
(1236, 'ORD-68270738E6FFC', '104', '19', '17', NULL, 0, 85, '38', 'W 1000', '1000', '1', '2025-05-16', 'am', 'sell', 0, '2025-05-16 03:06:56', '2025-05-16 03:07:00'),
(1237, 'ORD-68270738E7D54', '104', '19', '17', NULL, 0, 85, '49', 'W 1000', '1000', '1', '2025-05-16', 'am', 'sell', 0, '2025-05-16 03:06:56', '2025-05-16 03:07:00'),
(1238, 'ORD-68270738E8E5D', '104', '19', '17', NULL, 0, 85, '50', 'W 1000', '1000', '1', '2025-05-16', 'am', 'sell', 0, '2025-05-16 03:06:56', '2025-05-16 03:07:00'),
(1239, 'ORD-68270738E9D86', '104', '19', '17', NULL, 0, 85, '61', 'W 1000', '1000', '1', '2025-05-16', 'am', 'sell', 0, '2025-05-16 03:06:56', '2025-05-16 03:07:00'),
(1240, 'ORD-68270738EAB9C', '104', '19', '17', NULL, 0, 85, '72', 'W 1000', '1000', '1', '2025-05-16', 'am', 'sell', 0, '2025-05-16 03:06:56', '2025-05-16 03:07:00'),
(1241, 'ORD-68270738EB97E', '104', '19', '17', NULL, 0, 85, '83', 'W 1000', '1000', '1', '2025-05-16', 'am', 'sell', 0, '2025-05-16 03:06:56', '2025-05-16 03:07:00'),
(1242, 'ORD-68270738EC8A8', '104', '19', '17', NULL, 0, 85, '94', 'W 1000', '1000', '1', '2025-05-16', 'am', 'sell', 0, '2025-05-16 03:06:56', '2025-05-16 03:07:00'),
(1243, 'ORD-682708C5D5DF0', '105', '19', '17', NULL, 0, 85, '05', 'W 10000', '10000', '1', '2025-05-16', 'am', 'sell', 0, '2025-05-16 03:13:33', '2025-05-16 03:13:37'),
(1244, 'ORD-682708C5D6D88', '105', '19', '17', NULL, 0, 85, '16', 'W 10000', '10000', '1', '2025-05-16', 'am', 'sell', 0, '2025-05-16 03:13:33', '2025-05-16 03:13:37'),
(1245, 'ORD-682708C5D7D26', '105', '19', '17', NULL, 0, 85, '27', 'W 10000', '10000', '1', '2025-05-16', 'am', 'sell', 0, '2025-05-16 03:13:33', '2025-05-16 03:13:37'),
(1246, 'ORD-682708C5D8D75', '105', '19', '17', NULL, 0, 85, '38', 'W 10000', '10000', '1', '2025-05-16', 'am', 'sell', 0, '2025-05-16 03:13:33', '2025-05-16 03:13:37'),
(1247, 'ORD-682708C5D9E55', '105', '19', '17', NULL, 0, 85, '49', 'W 10000', '10000', '1', '2025-05-16', 'am', 'sell', 0, '2025-05-16 03:13:33', '2025-05-16 03:13:37'),
(1248, 'ORD-682708C5DAC94', '105', '19', '17', NULL, 0, 85, '50', 'W 10000', '10000', '1', '2025-05-16', 'am', 'sell', 0, '2025-05-16 03:13:33', '2025-05-16 03:13:37'),
(1249, 'ORD-682708C5DC0C6', '105', '19', '17', NULL, 0, 85, '61', 'W 10000', '10000', '1', '2025-05-16', 'am', 'sell', 0, '2025-05-16 03:13:33', '2025-05-16 03:13:37'),
(1250, 'ORD-682708C5DD7DC', '105', '19', '17', NULL, 0, 85, '72', 'W 10000', '10000', '1', '2025-05-16', 'am', 'sell', 0, '2025-05-16 03:13:33', '2025-05-16 03:13:37'),
(1251, 'ORD-682708C5DE700', '105', '19', '17', NULL, 0, 85, '83', 'W 10000', '10000', '1', '2025-05-16', 'am', 'sell', 0, '2025-05-16 03:13:33', '2025-05-16 03:13:37'),
(1252, 'ORD-682708C5DF68F', '105', '19', '17', NULL, 0, 85, '94', 'W 10000', '10000', '1', '2025-05-16', 'am', 'sell', 0, '2025-05-16 03:13:33', '2025-05-16 03:13:37'),
(1253, 'ORD-68270B1391D2C', '106', '20', '17', NULL, 5, 85, '01', 'M 1000', '1000', '1', '2025-05-16', 'am', 'sell', 0, '2025-05-16 03:23:23', '2025-05-16 03:23:27'),
(1254, 'ORD-68270B139334E', '106', '20', '17', NULL, 5, 85, '03', 'M 1000', '1000', '1', '2025-05-16', 'am', 'sell', 0, '2025-05-16 03:23:23', '2025-05-16 03:23:27'),
(1255, 'ORD-68270B1393DDD', '106', '20', '17', NULL, 5, 85, '05', 'M 1000', '1000', '1', '2025-05-16', 'am', 'sell', 0, '2025-05-16 03:23:23', '2025-05-16 03:23:27'),
(1256, 'ORD-68270B13948C1', '106', '20', '17', NULL, 5, 85, '07', 'M 1000', '1000', '1', '2025-05-16', 'am', 'sell', 0, '2025-05-16 03:23:23', '2025-05-16 03:23:27'),
(1257, 'ORD-68270B1395414', '106', '20', '17', NULL, 5, 85, '09', 'M 1000', '1000', '1', '2025-05-16', 'am', 'sell', 0, '2025-05-16 03:23:23', '2025-05-16 03:23:27'),
(1258, 'ORD-68270B1395E4E', '106', '20', '17', NULL, 5, 85, '11', 'M 1000', '1000', '1', '2025-05-16', 'am', 'sell', 0, '2025-05-16 03:23:23', '2025-05-16 03:23:27'),
(1259, 'ORD-68270B139690D', '106', '20', '17', NULL, 5, 85, '13', 'M 1000', '1000', '1', '2025-05-16', 'am', 'sell', 0, '2025-05-16 03:23:23', '2025-05-16 03:23:27'),
(1260, 'ORD-68270B13973BF', '106', '20', '17', NULL, 5, 85, '15', 'M 1000', '1000', '1', '2025-05-16', 'am', 'sell', 0, '2025-05-16 03:23:23', '2025-05-16 03:23:27'),
(1261, 'ORD-68270B13987A8', '106', '20', '17', NULL, 5, 85, '17', 'M 1000', '1000', '1', '2025-05-16', 'am', 'sell', 0, '2025-05-16 03:23:23', '2025-05-16 03:23:27'),
(1262, 'ORD-68270B13998B8', '106', '20', '17', NULL, 5, 85, '19', 'M 1000', '1000', '1', '2025-05-16', 'am', 'sell', 0, '2025-05-16 03:23:23', '2025-05-16 03:23:27'),
(1263, 'ORD-68270B139A6B4', '106', '20', '17', NULL, 5, 85, '21', 'M 1000', '1000', '1', '2025-05-16', 'am', 'sell', 0, '2025-05-16 03:23:23', '2025-05-16 03:23:27'),
(1264, 'ORD-68270B139B307', '106', '20', '17', NULL, 5, 85, '23', 'M 1000', '1000', '1', '2025-05-16', 'am', 'sell', 0, '2025-05-16 03:23:23', '2025-05-16 03:23:27'),
(1265, 'ORD-68270B139BEE7', '106', '20', '17', NULL, 5, 85, '25', 'M 1000', '1000', '1', '2025-05-16', 'am', 'sell', 0, '2025-05-16 03:23:23', '2025-05-16 03:23:27'),
(1266, 'ORD-68270B139CED8', '106', '20', '17', NULL, 5, 85, '27', 'M 1000', '1000', '1', '2025-05-16', 'am', 'sell', 0, '2025-05-16 03:23:23', '2025-05-16 03:23:27'),
(1267, 'ORD-68270B139DEE4', '106', '20', '17', NULL, 5, 85, '29', 'M 1000', '1000', '1', '2025-05-16', 'am', 'sell', 0, '2025-05-16 03:23:23', '2025-05-16 03:23:27'),
(1268, 'ORD-68270B139EFFA', '106', '20', '17', NULL, 5, 85, '31', 'M 1000', '1000', '1', '2025-05-16', 'am', 'sell', 0, '2025-05-16 03:23:23', '2025-05-16 03:23:27'),
(1269, 'ORD-68270B139F9B4', '106', '20', '17', NULL, 5, 85, '33', 'M 1000', '1000', '1', '2025-05-16', 'am', 'sell', 0, '2025-05-16 03:23:23', '2025-05-16 03:23:27'),
(1270, 'ORD-68270B13A05CB', '106', '20', '17', NULL, 5, 85, '35', 'M 1000', '1000', '1', '2025-05-16', 'am', 'sell', 0, '2025-05-16 03:23:23', '2025-05-16 03:23:27'),
(1271, 'ORD-68270B13A119B', '106', '20', '17', NULL, 5, 85, '37', 'M 1000', '1000', '1', '2025-05-16', 'am', 'sell', 0, '2025-05-16 03:23:23', '2025-05-16 03:23:27'),
(1272, 'ORD-68270B13A1C8D', '106', '20', '17', NULL, 5, 85, '39', 'M 1000', '1000', '1', '2025-05-16', 'am', 'sell', 0, '2025-05-16 03:23:23', '2025-05-16 03:23:27'),
(1273, 'ORD-68270B13A272D', '106', '20', '17', NULL, 5, 85, '41', 'M 1000', '1000', '1', '2025-05-16', 'am', 'sell', 0, '2025-05-16 03:23:23', '2025-05-16 03:23:27'),
(1274, 'ORD-68270B13A3215', '106', '20', '17', NULL, 5, 85, '43', 'M 1000', '1000', '1', '2025-05-16', 'am', 'sell', 0, '2025-05-16 03:23:23', '2025-05-16 03:23:27'),
(1275, 'ORD-68270B13A3DEC', '106', '20', '17', NULL, 5, 85, '45', 'M 1000', '1000', '1', '2025-05-16', 'am', 'sell', 0, '2025-05-16 03:23:23', '2025-05-16 03:23:27'),
(1276, 'ORD-68270B13A4883', '106', '20', '17', NULL, 5, 85, '47', 'M 1000', '1000', '1', '2025-05-16', 'am', 'sell', 0, '2025-05-16 03:23:23', '2025-05-16 03:23:27'),
(1277, 'ORD-68270B13A5423', '106', '20', '17', NULL, 5, 85, '49', 'M 1000', '1000', '1', '2025-05-16', 'am', 'sell', 0, '2025-05-16 03:23:23', '2025-05-16 03:23:27'),
(1278, 'ORD-68270B13A5EA5', '106', '20', '17', NULL, 5, 85, '51', 'M 1000', '1000', '1', '2025-05-16', 'am', 'sell', 0, '2025-05-16 03:23:23', '2025-05-16 03:23:27'),
(1279, 'ORD-68270B13A6A39', '106', '20', '17', NULL, 5, 85, '53', 'M 1000', '1000', '1', '2025-05-16', 'am', 'sell', 0, '2025-05-16 03:23:23', '2025-05-16 03:23:27'),
(1280, 'ORD-68270B13A76C2', '106', '20', '17', NULL, 5, 85, '55', 'M 1000', '1000', '1', '2025-05-16', 'am', 'sell', 0, '2025-05-16 03:23:23', '2025-05-16 03:23:27'),
(1281, 'ORD-68270B13A82F5', '106', '20', '17', NULL, 5, 85, '57', 'M 1000', '1000', '1', '2025-05-16', 'am', 'sell', 0, '2025-05-16 03:23:23', '2025-05-16 03:23:27'),
(1282, 'ORD-68270B13A9045', '106', '20', '17', NULL, 5, 85, '59', 'M 1000', '1000', '1', '2025-05-16', 'am', 'sell', 0, '2025-05-16 03:23:23', '2025-05-16 03:23:27'),
(1283, 'ORD-68270B13A9CA3', '106', '20', '17', NULL, 5, 85, '61', 'M 1000', '1000', '1', '2025-05-16', 'am', 'sell', 0, '2025-05-16 03:23:23', '2025-05-16 03:23:27'),
(1284, 'ORD-68270B13AAA5F', '106', '20', '17', NULL, 5, 85, '63', 'M 1000', '1000', '1', '2025-05-16', 'am', 'sell', 0, '2025-05-16 03:23:23', '2025-05-16 03:23:27'),
(1285, 'ORD-68270B13AB89A', '106', '20', '17', NULL, 5, 85, '65', 'M 1000', '1000', '1', '2025-05-16', 'am', 'sell', 0, '2025-05-16 03:23:23', '2025-05-16 03:23:27'),
(1286, 'ORD-68270B13AC6D0', '106', '20', '17', NULL, 5, 85, '67', 'M 1000', '1000', '1', '2025-05-16', 'am', 'sell', 0, '2025-05-16 03:23:23', '2025-05-16 03:23:27'),
(1287, 'ORD-68270B13AD7D8', '106', '20', '17', NULL, 5, 85, '69', 'M 1000', '1000', '1', '2025-05-16', 'am', 'sell', 0, '2025-05-16 03:23:23', '2025-05-16 03:23:27'),
(1288, 'ORD-68270B13AE57A', '106', '20', '17', NULL, 5, 85, '71', 'M 1000', '1000', '1', '2025-05-16', 'am', 'sell', 0, '2025-05-16 03:23:23', '2025-05-16 03:23:27'),
(1289, 'ORD-68270B13AF406', '106', '20', '17', NULL, 5, 85, '73', 'M 1000', '1000', '1', '2025-05-16', 'am', 'sell', 0, '2025-05-16 03:23:23', '2025-05-16 03:23:27'),
(1290, 'ORD-68270B13B0185', '106', '20', '17', NULL, 5, 85, '75', 'M 1000', '1000', '1', '2025-05-16', 'am', 'sell', 0, '2025-05-16 03:23:23', '2025-05-16 03:23:27'),
(1291, 'ORD-68270B13B106A', '106', '20', '17', NULL, 5, 85, '77', 'M 1000', '1000', '1', '2025-05-16', 'am', 'sell', 0, '2025-05-16 03:23:23', '2025-05-16 03:23:27'),
(1292, 'ORD-68270B13B1F3E', '106', '20', '17', NULL, 5, 85, '79', 'M 1000', '1000', '1', '2025-05-16', 'am', 'sell', 0, '2025-05-16 03:23:23', '2025-05-16 03:23:27'),
(1293, 'ORD-68270B13B2995', '106', '20', '17', NULL, 5, 85, '81', 'M 1000', '1000', '1', '2025-05-16', 'am', 'sell', 0, '2025-05-16 03:23:23', '2025-05-16 03:23:27'),
(1294, 'ORD-68270B13B3537', '106', '20', '17', NULL, 5, 85, '83', 'M 1000', '1000', '1', '2025-05-16', 'am', 'sell', 0, '2025-05-16 03:23:23', '2025-05-16 03:23:27'),
(1295, 'ORD-68270B13B4160', '106', '20', '17', NULL, 5, 85, '85', 'M 1000', '1000', '1', '2025-05-16', 'am', 'sell', 0, '2025-05-16 03:23:23', '2025-05-16 03:23:27'),
(1296, 'ORD-68270B13B4D28', '106', '20', '17', NULL, 5, 85, '87', 'M 1000', '1000', '1', '2025-05-16', 'am', 'sell', 0, '2025-05-16 03:23:23', '2025-05-16 03:23:27'),
(1297, 'ORD-68270B13B58BD', '106', '20', '17', NULL, 5, 85, '89', 'M 1000', '1000', '1', '2025-05-16', 'am', 'sell', 0, '2025-05-16 03:23:23', '2025-05-16 03:23:27'),
(1298, 'ORD-68270B13B6544', '106', '20', '17', NULL, 5, 85, '91', 'M 1000', '1000', '1', '2025-05-16', 'am', 'sell', 0, '2025-05-16 03:23:23', '2025-05-16 03:23:27'),
(1299, 'ORD-68270B13B7119', '106', '20', '17', NULL, 5, 85, '93', 'M 1000', '1000', '1', '2025-05-16', 'am', 'sell', 0, '2025-05-16 03:23:23', '2025-05-16 03:23:27'),
(1300, 'ORD-68270B13B7BCC', '106', '20', '17', NULL, 5, 85, '95', 'M 1000', '1000', '1', '2025-05-16', 'am', 'sell', 0, '2025-05-16 03:23:23', '2025-05-16 03:23:27'),
(1301, 'ORD-68270B13B8861', '106', '20', '17', NULL, 5, 85, '97', 'M 1000', '1000', '1', '2025-05-16', 'am', 'sell', 0, '2025-05-16 03:23:23', '2025-05-16 03:23:27'),
(1302, 'ORD-68270B13B942F', '106', '20', '17', NULL, 5, 85, '99', 'M 1000', '1000', '1', '2025-05-16', 'am', 'sell', 0, '2025-05-16 03:23:23', '2025-05-16 03:23:27'),
(1373, 'ORD-682BF837CDE34', '110', NULL, NULL, NULL, 0, 80, '98', '98R 500', '500', 'pending', '2025-05-20', 'pm', 'sell', 0, '2025-05-19 21:04:15', '2025-05-19 21:04:15'),
(1374, 'ORD-682BF837CEE42', '110', NULL, NULL, NULL, 0, 80, '89', '98R 500', '500', 'pending', '2025-05-20', 'pm', 'sell', 0, '2025-05-19 21:04:15', '2025-05-19 21:04:15'),
(1375, 'ORD-682BF92186ED3', '111', '19', '17', NULL, 0, 85, '00', 'A 500', '500', '1', '2025-05-20', 'pm', 'sell', 0, '2025-05-19 21:08:09', '2025-05-19 21:08:46'),
(1376, 'ORD-682BF921884AC', '111', '19', '17', NULL, 0, 85, '11', 'A 500', '500', '1', '2025-05-20', 'pm', 'sell', 0, '2025-05-19 21:08:09', '2025-05-19 21:08:46'),
(1377, 'ORD-682BF92189000', '111', '19', '17', NULL, 0, 85, '22', 'A 500', '500', '1', '2025-05-20', 'pm', 'sell', 0, '2025-05-19 21:08:09', '2025-05-19 21:08:46'),
(1378, 'ORD-682BF92189D54', '111', '19', '17', NULL, 0, 85, '33', 'A 500', '500', '1', '2025-05-20', 'pm', 'sell', 0, '2025-05-19 21:08:09', '2025-05-19 21:08:46');
INSERT INTO `order_details` (`id`, `order_number`, `order_id`, `user_id`, `manager_id`, `dine_id`, `commission`, `rate`, `number`, `order_type`, `price`, `user_order_status`, `date`, `section`, `buy_sell_type`, `win_lose`, `created_at`, `updated_at`) VALUES
(1379, 'ORD-682BF9218AA21', '111', '19', '17', NULL, 0, 85, '44', 'A 500', '500', '1', '2025-05-20', 'pm', 'sell', 0, '2025-05-19 21:08:09', '2025-05-19 21:08:46'),
(1380, 'ORD-682BF9218B824', '111', '19', '17', NULL, 0, 85, '55', 'A 500', '500', '1', '2025-05-20', 'pm', 'sell', 1, '2025-05-19 21:08:09', '2025-05-19 21:20:16'),
(1381, 'ORD-682BF9218C88A', '111', '19', '17', NULL, 0, 85, '66', 'A 500', '500', '1', '2025-05-20', 'pm', 'sell', 0, '2025-05-19 21:08:09', '2025-05-19 21:08:46'),
(1382, 'ORD-682BF9218D6B7', '111', '19', '17', NULL, 0, 85, '77', 'A 500', '500', '1', '2025-05-20', 'pm', 'sell', 0, '2025-05-19 21:08:09', '2025-05-19 21:08:46'),
(1383, 'ORD-682BF9218E3EC', '111', '19', '17', NULL, 0, 85, '88', 'A 500', '500', '1', '2025-05-20', 'pm', 'sell', 0, '2025-05-19 21:08:09', '2025-05-19 21:08:46'),
(1384, 'ORD-682BF9218F1AD', '111', '19', '17', NULL, 0, 85, '99', 'A 500', '500', '1', '2025-05-20', 'pm', 'sell', 0, '2025-05-19 21:08:09', '2025-05-19 21:08:46'),
(1385, 'ORD-682BFBE38DCB4', '112', '19', '17', NULL, 0, 85, '05', 'W 1000', '1000', '1', '2025-05-20', 'pm', 'sell', 0, '2025-05-19 21:19:55', '2025-05-19 21:19:59'),
(1386, 'ORD-682BFBE38EBE8', '112', '19', '17', NULL, 0, 85, '16', 'W 1000', '1000', '1', '2025-05-20', 'pm', 'sell', 0, '2025-05-19 21:19:55', '2025-05-19 21:19:59'),
(1387, 'ORD-682BFBE38F8E1', '112', '19', '17', NULL, 0, 85, '27', 'W 1000', '1000', '1', '2025-05-20', 'pm', 'sell', 0, '2025-05-19 21:19:55', '2025-05-19 21:19:59'),
(1388, 'ORD-682BFBE3905C1', '112', '19', '17', NULL, 0, 85, '38', 'W 1000', '1000', '1', '2025-05-20', 'pm', 'sell', 0, '2025-05-19 21:19:55', '2025-05-19 21:19:59'),
(1389, 'ORD-682BFBE39127A', '112', '19', '17', NULL, 0, 85, '49', 'W 1000', '1000', '1', '2025-05-20', 'pm', 'sell', 0, '2025-05-19 21:19:55', '2025-05-19 21:19:59'),
(1390, 'ORD-682BFBE391E87', '112', '19', '17', NULL, 0, 85, '50', 'W 1000', '1000', '1', '2025-05-20', 'pm', 'sell', 0, '2025-05-19 21:19:55', '2025-05-19 21:19:59'),
(1391, 'ORD-682BFBE392B9A', '112', '19', '17', NULL, 0, 85, '61', 'W 1000', '1000', '1', '2025-05-20', 'pm', 'sell', 0, '2025-05-19 21:19:55', '2025-05-19 21:19:59'),
(1392, 'ORD-682BFBE39395E', '112', '19', '17', NULL, 0, 85, '72', 'W 1000', '1000', '1', '2025-05-20', 'pm', 'sell', 0, '2025-05-19 21:19:55', '2025-05-19 21:19:59'),
(1393, 'ORD-682BFBE394740', '112', '19', '17', NULL, 0, 85, '83', 'W 1000', '1000', '1', '2025-05-20', 'pm', 'sell', 0, '2025-05-19 21:19:55', '2025-05-19 21:19:59'),
(1394, 'ORD-682BFBE3955C1', '112', '19', '17', NULL, 0, 85, '94', 'W 1000', '1000', '1', '2025-05-20', 'pm', 'sell', 0, '2025-05-19 21:19:55', '2025-05-19 21:19:59'),
(1405, 'ORD-682C3BDF86014', '114', '19', '17', NULL, 10, 85, '01', 'X 1000', '1000', '1', '2025-05-21', 'am', 'sell', 0, '2025-05-20 01:52:55', '2025-05-20 01:53:00'),
(1406, 'ORD-682C3BDF871C3', '114', '19', '17', NULL, 10, 85, '09', 'X 1000', '1000', '1', '2025-05-21', 'am', 'sell', 0, '2025-05-20 01:52:55', '2025-05-20 01:53:00'),
(1407, 'ORD-682C3BDF8812E', '114', '19', '17', NULL, 10, 85, '10', 'X 1000', '1000', '1', '2025-05-21', 'am', 'sell', 0, '2025-05-20 01:52:55', '2025-05-20 01:53:00'),
(1408, 'ORD-682C3BDF88A14', '114', '19', '17', NULL, 10, 85, '12', 'X 1000', '1000', '1', '2025-05-21', 'am', 'sell', 0, '2025-05-20 01:52:55', '2025-05-20 01:53:00'),
(1409, 'ORD-682C3BDF89729', '114', '19', '17', NULL, 10, 85, '21', 'X 1000', '1000', '1', '2025-05-21', 'am', 'sell', 0, '2025-05-20 01:52:55', '2025-05-20 01:53:00'),
(1410, 'ORD-682C3BDF8A4C3', '114', '19', '17', NULL, 10, 85, '23', 'X 1000', '1000', '1', '2025-05-21', 'am', 'sell', 0, '2025-05-20 01:52:55', '2025-05-20 01:53:00'),
(1411, 'ORD-682C3BDF8B101', '114', '19', '17', NULL, 10, 85, '32', 'X 1000', '1000', '1', '2025-05-21', 'am', 'sell', 0, '2025-05-20 01:52:55', '2025-05-20 01:53:00'),
(1412, 'ORD-682C3BDF8C18B', '114', '19', '17', NULL, 10, 85, '34', 'X 1000', '1000', '1', '2025-05-21', 'am', 'sell', 0, '2025-05-20 01:52:55', '2025-05-20 01:53:00'),
(1413, 'ORD-682C3BDF8D171', '114', '19', '17', NULL, 10, 85, '43', 'X 1000', '1000', '1', '2025-05-21', 'am', 'sell', 0, '2025-05-20 01:52:55', '2025-05-20 01:53:00'),
(1414, 'ORD-682C3BDF8DD8E', '114', '19', '17', NULL, 10, 85, '45', 'X 1000', '1000', '1', '2025-05-21', 'am', 'sell', 0, '2025-05-20 01:52:55', '2025-05-20 01:53:00'),
(1415, 'ORD-682C3BDF8EBE9', '114', '19', '17', NULL, 10, 85, '54', 'X 1000', '1000', '1', '2025-05-21', 'am', 'sell', 0, '2025-05-20 01:52:55', '2025-05-20 01:53:00'),
(1416, 'ORD-682C3BDF8F75E', '114', '19', '17', NULL, 10, 85, '56', 'X 1000', '1000', '1', '2025-05-21', 'am', 'sell', 0, '2025-05-20 01:52:55', '2025-05-20 01:53:00'),
(1417, 'ORD-682C3BDF90365', '114', '19', '17', NULL, 10, 85, '65', 'X 1000', '1000', '1', '2025-05-21', 'am', 'sell', 0, '2025-05-20 01:52:55', '2025-05-20 01:53:00'),
(1418, 'ORD-682C3BDF90F83', '114', '19', '17', NULL, 10, 85, '67', 'X 1000', '1000', '1', '2025-05-21', 'am', 'sell', 0, '2025-05-20 01:52:55', '2025-05-20 01:53:00'),
(1419, 'ORD-682C3BDF91BBE', '114', '19', '17', NULL, 10, 85, '76', 'X 1000', '1000', '1', '2025-05-21', 'am', 'sell', 0, '2025-05-20 01:52:55', '2025-05-20 01:53:00'),
(1420, 'ORD-682C3BDF9297D', '114', '19', '17', NULL, 10, 85, '78', 'X 1000', '1000', '1', '2025-05-21', 'am', 'sell', 0, '2025-05-20 01:52:55', '2025-05-20 01:53:00'),
(1421, 'ORD-682C3BDF935D8', '114', '19', '17', NULL, 10, 85, '87', 'X 1000', '1000', '1', '2025-05-21', 'am', 'sell', 0, '2025-05-20 01:52:55', '2025-05-20 01:53:00'),
(1422, 'ORD-682C3BDF94433', '114', '19', '17', NULL, 10, 85, '89', 'X 1000', '1000', '1', '2025-05-21', 'am', 'sell', 0, '2025-05-20 01:52:55', '2025-05-20 01:53:00'),
(1423, 'ORD-682C3BDF9526E', '114', '19', '17', NULL, 10, 85, '90', 'X 1000', '1000', '1', '2025-05-21', 'am', 'sell', 0, '2025-05-20 01:52:55', '2025-05-20 01:53:00'),
(1424, 'ORD-682C3BDF95FED', '114', '19', '17', NULL, 10, 85, '98', 'X 1000', '1000', '1', '2025-05-21', 'am', 'sell', 0, '2025-05-20 01:52:55', '2025-05-20 01:53:00');

-- --------------------------------------------------------

--
-- Table structure for table `password_reset_tokens`
--

CREATE TABLE `password_reset_tokens` (
  `email` varchar(255) NOT NULL,
  `token` varchar(255) NOT NULL,
  `created_at` timestamp NULL DEFAULT NULL
) ENGINE=InnoDB DEFAULT CHARSET=utf8mb4 COLLATE=utf8mb4_unicode_ci;

--
-- Dumping data for table `password_reset_tokens`
--

INSERT INTO `password_reset_tokens` (`email`, `token`, `created_at`) VALUES
('admin@example.com', '$2y$12$gqgOie.SKYarL/bPnKoEE.lw.9aYpAqLnIGYxO20fF4g7av.uOEtS', '2025-04-26 06:42:51');

-- --------------------------------------------------------

--
-- Table structure for table `permissions`
--

CREATE TABLE `permissions` (
  `id` bigint(20) UNSIGNED NOT NULL,
  `name` varchar(255) NOT NULL,
  `guard_name` varchar(255) NOT NULL,
  `created_at` timestamp NULL DEFAULT NULL,
  `updated_at` timestamp NULL DEFAULT NULL
) ENGINE=InnoDB DEFAULT CHARSET=utf8mb4 COLLATE=utf8mb4_unicode_ci;

-- --------------------------------------------------------

--
-- Table structure for table `personal_access_tokens`
--

CREATE TABLE `personal_access_tokens` (
  `id` bigint(20) UNSIGNED NOT NULL,
  `tokenable_type` varchar(255) NOT NULL,
  `tokenable_id` bigint(20) UNSIGNED NOT NULL,
  `name` varchar(255) NOT NULL,
  `token` varchar(64) NOT NULL,
  `abilities` text DEFAULT NULL,
  `last_used_at` timestamp NULL DEFAULT NULL,
  `expires_at` timestamp NULL DEFAULT NULL,
  `created_at` timestamp NULL DEFAULT NULL,
  `updated_at` timestamp NULL DEFAULT NULL
) ENGINE=InnoDB DEFAULT CHARSET=utf8mb4 COLLATE=utf8mb4_unicode_ci;

-- --------------------------------------------------------

--
-- Table structure for table `re_dines`
--

CREATE TABLE `re_dines` (
  `id` bigint(20) UNSIGNED NOT NULL,
  `manager_id` varchar(255) DEFAULT NULL,
  `name` varchar(255) NOT NULL,
  `commission` int(11) NOT NULL DEFAULT 0,
  `rate` int(11) NOT NULL DEFAULT 85,
  `created_at` timestamp NULL DEFAULT NULL,
  `updated_at` timestamp NULL DEFAULT NULL
) ENGINE=InnoDB DEFAULT CHARSET=utf8mb4 COLLATE=utf8mb4_unicode_ci;

--
-- Dumping data for table `re_dines`
--

INSERT INTO `re_dines` (`id`, `manager_id`, `name`, `commission`, `rate`, `created_at`, `updated_at`) VALUES
(1, '17', 'LieDe', 20, 80, '2025-05-08 00:06:18', '2025-05-08 00:06:55');

-- --------------------------------------------------------

--
-- Table structure for table `roles`
--

CREATE TABLE `roles` (
  `id` bigint(20) UNSIGNED NOT NULL,
  `name` varchar(255) NOT NULL,
  `guard_name` varchar(255) NOT NULL,
  `created_at` timestamp NULL DEFAULT NULL,
  `updated_at` timestamp NULL DEFAULT NULL
) ENGINE=InnoDB DEFAULT CHARSET=utf8mb4 COLLATE=utf8mb4_unicode_ci;

--
-- Dumping data for table `roles`
--

INSERT INTO `roles` (`id`, `name`, `guard_name`, `created_at`, `updated_at`) VALUES
(1, 'admin', 'web', '2025-02-20 21:18:11', '2025-02-20 21:18:11'),
(2, 'shop', 'web', '2025-02-20 21:18:11', '2025-02-20 21:18:11'),
(3, 'user', 'web', '2025-02-20 21:18:11', '2025-02-20 21:18:11');

-- --------------------------------------------------------

--
-- Table structure for table `role_has_permissions`
--

CREATE TABLE `role_has_permissions` (
  `permission_id` bigint(20) UNSIGNED NOT NULL,
  `role_id` bigint(20) UNSIGNED NOT NULL
) ENGINE=InnoDB DEFAULT CHARSET=utf8mb4 COLLATE=utf8mb4_unicode_ci;

-- --------------------------------------------------------

--
-- Table structure for table `sessions`
--

CREATE TABLE `sessions` (
  `id` varchar(255) NOT NULL,
  `user_id` bigint(20) UNSIGNED DEFAULT NULL,
  `ip_address` varchar(45) DEFAULT NULL,
  `user_agent` text DEFAULT NULL,
  `payload` longtext NOT NULL,
  `last_activity` int(11) NOT NULL
) ENGINE=InnoDB DEFAULT CHARSET=utf8mb4 COLLATE=utf8mb4_unicode_ci;

--
-- Dumping data for table `sessions`
--

INSERT INTO `sessions` (`id`, `user_id`, `ip_address`, `user_agent`, `payload`, `last_activity`) VALUES
('eHtwp1odL1zpf1xJUlAiQGNjYwvLqvNNJ0BVRTap', 1, '127.0.0.1', 'Mozilla/5.0 (Windows NT 10.0; Win64; x64) AppleWebKit/537.36 (KHTML, like Gecko) Chrome/136.0.0.0 Safari/537.36', 'YTo1OntzOjY6Il90b2tlbiI7czo0MDoiVk81T2p0Z3E4SmRuT0oxRFdHRHVNd1pOTVFOSkNmZU0wZVRLaFg1NCI7czo5OiJfcHJldmlvdXMiO2E6MTp7czozOiJ1cmwiO3M6Mjc6Imh0dHA6Ly9sb2NhbGhvc3Q6ODAwMC9hZG1pbiI7fXM6NjoiX2ZsYXNoIjthOjI6e3M6Mzoib2xkIjthOjA6e31zOjM6Im5ldyI7YTowOnt9fXM6NTA6ImxvZ2luX3dlYl81OWJhMzZhZGRjMmIyZjk0MDE1ODBmMDE0YzdmNThlYTRlMzA5ODlkIjtpOjE7czoxNzoicGFzc3dvcmRfaGFzaF93ZWIiO3M6NjA6IiQyeSQxMiRrbjFQMDBTbHV2MDNsZ3VRZkFHd3dlRUxLL2YuY1FIWGhLcFB0aEJQLm5yaHNJdGFoNUtEYSI7fQ==', 1747884241);

-- --------------------------------------------------------

--
-- Table structure for table `settings`
--

CREATE TABLE `settings` (
  `id` bigint(20) UNSIGNED NOT NULL,
  `open_time_am` time DEFAULT NULL,
  `close_time_am` time DEFAULT NULL,
  `open_time_pm` time DEFAULT NULL,
  `close_time_pm` time DEFAULT NULL,
  `created_at` timestamp NULL DEFAULT NULL,
  `updated_at` timestamp NULL DEFAULT NULL
) ENGINE=InnoDB DEFAULT CHARSET=utf8mb4 COLLATE=utf8mb4_unicode_ci;

--
-- Dumping data for table `settings`
--

INSERT INTO `settings` (`id`, `open_time_am`, `close_time_am`, `open_time_pm`, `close_time_pm`, `created_at`, `updated_at`) VALUES
(1, '00:00:00', '12:00:00', '13:00:00', '18:00:00', '2025-04-26 14:30:15', '2025-04-26 08:04:28');

-- --------------------------------------------------------

--
-- Table structure for table `users`
--

CREATE TABLE `users` (
  `id` bigint(20) UNSIGNED NOT NULL,
  `name` varchar(255) NOT NULL,
  `email` varchar(255) NOT NULL,
  `plain_password` varchar(255) DEFAULT NULL,
  `email_verified_at` timestamp NULL DEFAULT NULL,
  `password` varchar(255) NOT NULL,
  `two_factor_secret` text DEFAULT NULL,
  `two_factor_recovery_codes` text DEFAULT NULL,
  `two_factor_confirmed_at` timestamp NULL DEFAULT NULL,
  `remember_token` varchar(100) DEFAULT NULL,
  `current_team_id` bigint(20) UNSIGNED DEFAULT NULL,
  `profile_photo_path` varchar(2048) DEFAULT NULL,
  `created_at` timestamp NULL DEFAULT NULL,
  `updated_at` timestamp NULL DEFAULT NULL,
  `manager_id` bigint(20) UNSIGNED DEFAULT NULL,
  `join_date` date DEFAULT NULL,
  `end_date` date DEFAULT NULL,
  `status` int(11) NOT NULL DEFAULT 1,
  `commission` varchar(255) DEFAULT NULL,
  `rate` varchar(255) DEFAULT NULL,
  `max_limit` varchar(255) DEFAULT NULL,
  `end_am` time DEFAULT NULL,
  `end_pm` time DEFAULT NULL
) ENGINE=InnoDB DEFAULT CHARSET=utf8mb4 COLLATE=utf8mb4_unicode_ci;

--
-- Dumping data for table `users`
--

INSERT INTO `users` (`id`, `name`, `email`, `plain_password`, `email_verified_at`, `password`, `two_factor_secret`, `two_factor_recovery_codes`, `two_factor_confirmed_at`, `remember_token`, `current_team_id`, `profile_photo_path`, `created_at`, `updated_at`, `manager_id`, `join_date`, `end_date`, `status`, `commission`, `rate`, `max_limit`, `end_am`, `end_pm`) VALUES
(1, 'Admin User', 'admin@example.com', NULL, NULL, '$2y$12$kn1P00Sluv03lguQfAGwweELK/f.cQHXhKpPthBP.nrhsItah5KDa', NULL, NULL, NULL, NULL, NULL, NULL, '2025-02-20 21:18:17', '2025-03-03 02:52:07', NULL, NULL, NULL, 1, NULL, NULL, '', NULL, NULL),
(17, 'agentOne', 'agentOne@gmail.com', 'password', NULL, '$2y$12$FqLxB435gGb90hAC.BB3W.doSLF7mAruYd6JXu1N.dfTkORSRQW3a', NULL, NULL, NULL, NULL, NULL, NULL, '2025-05-05 21:22:23', '2025-05-05 21:22:23', NULL, '2025-05-01', '2025-05-30', 1, NULL, NULL, NULL, NULL, NULL),
(19, 'userOne', 'userOne@gmail.com', 'password', NULL, '$2y$12$lgTguhZnXWfApHeKPYkiYuAbxJe12i910CE6aaoy84sX7FpvZTMYW', NULL, NULL, NULL, NULL, NULL, NULL, '2025-05-06 02:19:06', '2025-05-06 02:19:06', 17, NULL, NULL, 1, '10', '85', '100000', '11:30:00', '15:50:00'),
(20, 'userTwo', 'userTwo@gmail.com', 'password', NULL, '$2y$12$PNTJwchrVfJSTuSC.O/g/OyhqyaXm9QpOMEWnIr7ZErIwGN8hAMru', NULL, NULL, NULL, NULL, NULL, NULL, '2025-05-06 02:19:27', '2025-05-06 02:20:50', 17, NULL, NULL, 1, '5', '85', '100000', '11:30:00', '15:50:00'),
(21, 'useThree', 'useThree@gmail.com', 'password', NULL, '$2y$12$rZ2muA1rCffeN.aGTaokSu7XmkskHW5TWKqkG1is/UIJ8c0vaDXx6', NULL, NULL, NULL, NULL, NULL, NULL, '2025-05-06 19:48:16', '2025-05-06 19:48:16', 17, NULL, NULL, 1, '0', '80', '100000', '11:30:00', '15:50:00');

-- --------------------------------------------------------

--
-- Table structure for table `win_numbers`
--

CREATE TABLE `win_numbers` (
  `id` bigint(20) UNSIGNED NOT NULL,
  `manager_id` varchar(255) DEFAULT NULL,
  `date` varchar(255) NOT NULL,
  `section` varchar(255) NOT NULL,
  `number` varchar(255) NOT NULL,
  `created_at` timestamp NULL DEFAULT NULL,
  `updated_at` timestamp NULL DEFAULT NULL
) ENGINE=InnoDB DEFAULT CHARSET=utf8mb4 COLLATE=utf8mb4_unicode_ci;

--
-- Dumping data for table `win_numbers`
--

INSERT INTO `win_numbers` (`id`, `manager_id`, `date`, `section`, `number`, `created_at`, `updated_at`) VALUES
(11, '17', '2025-05-15', 'am', '37', '2025-05-15 03:43:28', '2025-05-15 03:43:28'),
(12, '17', '2025-05-16', 'am', '80', '2025-05-16 03:07:14', '2025-05-16 03:07:14'),
(13, '17', '2025-05-20', 'pm', '55', '2025-05-19 21:20:16', '2025-05-19 21:20:16');

--
-- Indexes for dumped tables
--

--
-- Indexes for table `close_numbers`
--
ALTER TABLE `close_numbers`
  ADD PRIMARY KEY (`id`);

--
-- Indexes for table `dine_head_limits`
--
ALTER TABLE `dine_head_limits`
  ADD PRIMARY KEY (`id`);

--
-- Indexes for table `failed_jobs`
--
ALTER TABLE `failed_jobs`
  ADD PRIMARY KEY (`id`),
  ADD UNIQUE KEY `failed_jobs_uuid_unique` (`uuid`);

--
-- Indexes for table `migrations`
--
ALTER TABLE `migrations`
  ADD PRIMARY KEY (`id`);

--
-- Indexes for table `model_has_permissions`
--
ALTER TABLE `model_has_permissions`
  ADD PRIMARY KEY (`permission_id`,`model_id`,`model_type`),
  ADD KEY `model_has_permissions_model_id_model_type_index` (`model_id`,`model_type`);

--
-- Indexes for table `model_has_roles`
--
ALTER TABLE `model_has_roles`
  ADD PRIMARY KEY (`role_id`,`model_id`,`model_type`),
  ADD KEY `model_has_roles_model_id_model_type_index` (`model_id`,`model_type`);

--
-- Indexes for table `orders`
--
ALTER TABLE `orders`
  ADD PRIMARY KEY (`id`),
  ADD UNIQUE KEY `orders_order_number_unique` (`order_number`);

--
-- Indexes for table `order_details`
--
ALTER TABLE `order_details`
  ADD PRIMARY KEY (`id`),
  ADD UNIQUE KEY `order_details_order_number_unique` (`order_number`);

--
-- Indexes for table `password_reset_tokens`
--
ALTER TABLE `password_reset_tokens`
  ADD PRIMARY KEY (`email`);

--
-- Indexes for table `permissions`
--
ALTER TABLE `permissions`
  ADD PRIMARY KEY (`id`),
  ADD UNIQUE KEY `permissions_name_guard_name_unique` (`name`,`guard_name`);

--
-- Indexes for table `personal_access_tokens`
--
ALTER TABLE `personal_access_tokens`
  ADD PRIMARY KEY (`id`),
  ADD UNIQUE KEY `personal_access_tokens_token_unique` (`token`),
  ADD KEY `personal_access_tokens_tokenable_type_tokenable_id_index` (`tokenable_type`,`tokenable_id`);

--
-- Indexes for table `re_dines`
--
ALTER TABLE `re_dines`
  ADD PRIMARY KEY (`id`);

--
-- Indexes for table `roles`
--
ALTER TABLE `roles`
  ADD PRIMARY KEY (`id`),
  ADD UNIQUE KEY `roles_name_guard_name_unique` (`name`,`guard_name`);

--
-- Indexes for table `role_has_permissions`
--
ALTER TABLE `role_has_permissions`
  ADD PRIMARY KEY (`permission_id`,`role_id`),
  ADD KEY `role_has_permissions_role_id_foreign` (`role_id`);

--
-- Indexes for table `sessions`
--
ALTER TABLE `sessions`
  ADD PRIMARY KEY (`id`),
  ADD KEY `sessions_user_id_index` (`user_id`),
  ADD KEY `sessions_last_activity_index` (`last_activity`);

--
-- Indexes for table `settings`
--
ALTER TABLE `settings`
  ADD PRIMARY KEY (`id`);

--
-- Indexes for table `users`
--
ALTER TABLE `users`
  ADD PRIMARY KEY (`id`),
  ADD UNIQUE KEY `users_email_unique` (`email`),
  ADD KEY `users_manager_id_foreign` (`manager_id`);

--
-- Indexes for table `win_numbers`
--
ALTER TABLE `win_numbers`
  ADD PRIMARY KEY (`id`);

--
-- AUTO_INCREMENT for dumped tables
--

--
-- AUTO_INCREMENT for table `close_numbers`
--
ALTER TABLE `close_numbers`
  MODIFY `id` bigint(20) UNSIGNED NOT NULL AUTO_INCREMENT, AUTO_INCREMENT=23;

--
-- AUTO_INCREMENT for table `dine_head_limits`
--
ALTER TABLE `dine_head_limits`
  MODIFY `id` bigint(20) UNSIGNED NOT NULL AUTO_INCREMENT, AUTO_INCREMENT=8;

--
-- AUTO_INCREMENT for table `failed_jobs`
--
ALTER TABLE `failed_jobs`
  MODIFY `id` bigint(20) UNSIGNED NOT NULL AUTO_INCREMENT;

--
-- AUTO_INCREMENT for table `migrations`
--
ALTER TABLE `migrations`
  MODIFY `id` int(10) UNSIGNED NOT NULL AUTO_INCREMENT, AUTO_INCREMENT=42;

--
-- AUTO_INCREMENT for table `orders`
--
ALTER TABLE `orders`
  MODIFY `id` bigint(20) UNSIGNED NOT NULL AUTO_INCREMENT, AUTO_INCREMENT=115;

--
-- AUTO_INCREMENT for table `order_details`
--
ALTER TABLE `order_details`
  MODIFY `id` bigint(20) UNSIGNED NOT NULL AUTO_INCREMENT, AUTO_INCREMENT=1425;

--
-- AUTO_INCREMENT for table `permissions`
--
ALTER TABLE `permissions`
  MODIFY `id` bigint(20) UNSIGNED NOT NULL AUTO_INCREMENT;

--
-- AUTO_INCREMENT for table `personal_access_tokens`
--
ALTER TABLE `personal_access_tokens`
  MODIFY `id` bigint(20) UNSIGNED NOT NULL AUTO_INCREMENT;

--
-- AUTO_INCREMENT for table `re_dines`
--
ALTER TABLE `re_dines`
  MODIFY `id` bigint(20) UNSIGNED NOT NULL AUTO_INCREMENT, AUTO_INCREMENT=2;

--
-- AUTO_INCREMENT for table `roles`
--
ALTER TABLE `roles`
  MODIFY `id` bigint(20) UNSIGNED NOT NULL AUTO_INCREMENT, AUTO_INCREMENT=4;

--
-- AUTO_INCREMENT for table `settings`
--
ALTER TABLE `settings`
  MODIFY `id` bigint(20) UNSIGNED NOT NULL AUTO_INCREMENT, AUTO_INCREMENT=2;

--
-- AUTO_INCREMENT for table `users`
--
ALTER TABLE `users`
  MODIFY `id` bigint(20) UNSIGNED NOT NULL AUTO_INCREMENT, AUTO_INCREMENT=22;

--
-- AUTO_INCREMENT for table `win_numbers`
--
ALTER TABLE `win_numbers`
  MODIFY `id` bigint(20) UNSIGNED NOT NULL AUTO_INCREMENT, AUTO_INCREMENT=14;

--
-- Constraints for dumped tables
--

--
-- Constraints for table `model_has_permissions`
--
ALTER TABLE `model_has_permissions`
  ADD CONSTRAINT `model_has_permissions_permission_id_foreign` FOREIGN KEY (`permission_id`) REFERENCES `permissions` (`id`) ON DELETE CASCADE;

--
-- Constraints for table `model_has_roles`
--
ALTER TABLE `model_has_roles`
  ADD CONSTRAINT `model_has_roles_role_id_foreign` FOREIGN KEY (`role_id`) REFERENCES `roles` (`id`) ON DELETE CASCADE;

--
-- Constraints for table `role_has_permissions`
--
ALTER TABLE `role_has_permissions`
  ADD CONSTRAINT `role_has_permissions_permission_id_foreign` FOREIGN KEY (`permission_id`) REFERENCES `permissions` (`id`) ON DELETE CASCADE,
  ADD CONSTRAINT `role_has_permissions_role_id_foreign` FOREIGN KEY (`role_id`) REFERENCES `roles` (`id`) ON DELETE CASCADE;

--
-- Constraints for table `users`
--
ALTER TABLE `users`
  ADD CONSTRAINT `users_manager_id_foreign` FOREIGN KEY (`manager_id`) REFERENCES `users` (`id`) ON DELETE CASCADE;
COMMIT;

/*!40101 SET CHARACTER_SET_CLIENT=@OLD_CHARACTER_SET_CLIENT */;
/*!40101 SET CHARACTER_SET_RESULTS=@OLD_CHARACTER_SET_RESULTS */;
/*!40101 SET COLLATION_CONNECTION=@OLD_COLLATION_CONNECTION */;
